0.000000000000000000e+00,0.000000000000000000e+00
1.000000000000000021e-02,5.044922744777804308e-02
2.000000000000000042e-02,1.013476501696308346e-01
2.999999999999999889e-02,1.526952357066176935e-01
4.000000000000000083e-02,2.044919513146432055e-01
5.000000000000000278e-02,2.567377639645406773e-01
5.999999999999999778e-02,3.094326403421562288e-01
7.000000000000000666e-02,3.625713791782759765e-01
8.000000000000000167e-02,4.161454004316516575e-01
8.999999999999999667e-02,4.701464243472968096e-01
1.000000000000000056e-01,5.245664548792717818e-01
1.100000000000000006e-01,5.793977643695682467e-01
1.199999999999999956e-01,6.346328793632214360e-01
1.300000000000000044e-01,6.902645674534784170e-01
1.400000000000000133e-01,7.462858250627379952e-01
1.499999999999999944e-01,8.026898660753236658e-01
1.600000000000000033e-01,8.594701112471784255e-01
1.700000000000000122e-01,9.166201783254729341e-01
1.799999999999999933e-01,9.741338728180531925e-01
1.900000000000000022e-01,1.032005179358757241e+00
2.000000000000000111e-01,1.090228253620010523e+00
2.099999999999999922e-01,1.148797414728871313e+00
2.200000000000000011e-01,1.207707138146911552e+00
2.300000000000000100e-01,1.266952048978068346e+00
2.399999999999999911e-01,1.326526915671931928e+00
2.500000000000000000e-01,1.386426644092911831e+00
2.600000000000000089e-01,1.446646271928379690e+00
2.700000000000000178e-01,1.507180963411266728e+00
2.800000000000000266e-01,1.568026004334729606e+00
2.899999999999999800e-01,1.629176797338414362e+00
2.999999999999999889e-01,1.690628857447578737e+00
3.099999999999999978e-01,1.752377807847886881e+00
3.200000000000000067e-01,1.814419375880100382e+00
3.300000000000000155e-01,1.876749389240158106e+00
3.400000000000000244e-01,1.939363772371294647e+00
3.500000000000000333e-01,2.002258543035890348e+00
3.599999999999999867e-01,2.065429809055696619e+00
3.699999999999999956e-01,2.128873765209947422e+00
3.800000000000000044e-01,2.192586690281653539e+00
3.900000000000000133e-01,2.256564944243094395e+00
4.000000000000000222e-01,2.320804965572185186e+00
4.100000000000000311e-01,2.385303268691989054e+00
4.199999999999999845e-01,2.450056441526203166e+00
4.299999999999999933e-01,2.515061143163943580e+00
4.400000000000000022e-01,2.580314101627626311e+00
4.500000000000000111e-01,2.645812111738155892e+00
4.600000000000000200e-01,2.711552033072038626e+00
4.700000000000000289e-01,2.777530788005384110e+00
4.799999999999999822e-01,2.843745359840100129e+00
4.899999999999999911e-01,2.910192791007890634e+00
5.000000000000000000e-01,2.976870181347948119e+00
5.100000000000000089e-01,3.043774686454495448e+00
5.200000000000000178e-01,3.110903516090572918e+00
5.300000000000000266e-01,3.178253932664694581e+00
5.400000000000000355e-01,3.245823249767200380e+00
5.500000000000000444e-01,3.313608830763330459e+00
5.600000000000000533e-01,3.381608087440219457e+00
5.700000000000000622e-01,3.449818478705187541e+00
5.799999999999999600e-01,3.518237509332842183e+00
5.899999999999999689e-01,3.586862728758670293e+00
5.999999999999999778e-01,3.655691729916916266e+00
6.099999999999999867e-01,3.724722148120679588e+00
6.199999999999999956e-01,3.793951659982274460e+00
6.300000000000000044e-01,3.863377982372012465e+00
6.400000000000000133e-01,3.932998871413658115e+00
6.500000000000000222e-01,4.002812121514919497e+00
6.600000000000000311e-01,4.072815564431409463e+00
6.700000000000000400e-01,4.143007068362607015e+00
6.800000000000000488e-01,4.213384537078426639e+00
6.900000000000000577e-01,4.283945909075066005e+00
7.000000000000000666e-01,4.354689156758891677e+00
7.099999999999999645e-01,4.425612285657162914e+00
7.199999999999999734e-01,4.496713333654476230e+00
7.299999999999999822e-01,4.567990370253856014e+00
7.399999999999999911e-01,4.639441495861476916e+00
7.500000000000000000e-01,4.711064841094058764e+00
7.600000000000000089e-01,4.782858566108004972e+00
7.700000000000000178e-01,4.854820859949422918e+00
7.800000000000000266e-01,4.926949939924193167e+00
7.900000000000000355e-01,4.999244050987293519e+00
8.000000000000000444e-01,5.071701465150634469e+00
8.100000000000000533e-01,5.144320480908677773e+00
8.200000000000000622e-01,5.217099422681166665e+00
8.300000000000000711e-01,5.290036640272310464e+00
8.399999999999999689e-01,5.363130508345799186e+00
8.499999999999999778e-01,5.436379425915065511e+00
8.599999999999999867e-01,5.509781815848215025e+00
8.699999999999999956e-01,5.583336124387098920e+00
8.800000000000000044e-01,5.657040820679998028e+00
8.900000000000000133e-01,5.730894396327435913e+00
9.000000000000000222e-01,5.804895364940645841e+00
9.100000000000000311e-01,5.879042261712235984e+00
9.200000000000000400e-01,5.953333642998627440e+00
9.300000000000000488e-01,6.027768085913849383e+00
9.400000000000000577e-01,6.102344187934292563e+00
9.500000000000000666e-01,6.177060566514049889e+00
9.599999999999999645e-01,6.251915858710471063e+00
9.699999999999999734e-01,6.326908720819591991e+00
9.799999999999999822e-01,6.402037828021101440e+00
9.899999999999999911e-01,6.477301874032523443e+00
1.000000000000000000e+00,6.552699570772312576e+00
1.010000000000000009e+00,6.628229648031565446e+00
1.020000000000000018e+00,6.703890853154063301e+00
1.030000000000000027e+00,6.779681950724381068e+00
1.040000000000000036e+00,6.855601722263792830e+00
1.050000000000000044e+00,6.931648965933730366e+00
1.060000000000000053e+00,7.007822496246553179e+00
1.070000000000000062e+00,7.084121143783394636e+00
1.080000000000000071e+00,7.160543754918865744e+00
1.090000000000000080e+00,7.237089191552397160e+00
1.100000000000000089e+00,7.313756330846024056e+00
1.110000000000000098e+00,7.390544064968401550e+00
1.120000000000000107e+00,7.467451300844871298e+00
1.130000000000000115e+00,7.544476959913388292e+00
1.140000000000000124e+00,7.621619977886137320e+00
1.150000000000000133e+00,7.698879304516660582e+00
1.159999999999999920e+00,7.776253903372341902e+00
1.169999999999999929e+00,7.853742751612077022e+00
1.179999999999999938e+00,7.931344839768992294e+00
1.189999999999999947e+00,8.009059171538050137e+00
1.199999999999999956e+00,8.086884763568406242e+00
1.209999999999999964e+00,8.164820645260384424e+00
1.219999999999999973e+00,8.242865858566931436e+00
1.229999999999999982e+00,8.321019457799422980e+00
1.239999999999999991e+00,8.399280509437707209e+00
1.250000000000000000e+00,8.477648091944253395e+00
1.260000000000000009e+00,8.556121295582300945e+00
1.270000000000000018e+00,8.634699222237895100e+00
1.280000000000000027e+00,8.713380985245700927e+00
1.290000000000000036e+00,8.792165709218492609e+00
1.300000000000000044e+00,8.871052529880214976e+00
1.310000000000000053e+00,8.950040593902526709e+00
1.320000000000000062e+00,9.029129058744725711e+00
1.330000000000000071e+00,9.108317092496966083e+00
1.340000000000000080e+00,9.187603873726690296e+00
1.350000000000000089e+00,9.266988591328168212e+00
1.360000000000000098e+00,9.346470444375087894e+00
1.370000000000000107e+00,9.426048641976093379e+00
1.380000000000000115e+00,9.505722403133216147e+00
1.390000000000000124e+00,9.585490956603109680e+00
1.400000000000000133e+00,9.665353540761019602e+00
1.409999999999999920e+00,9.745309403467416587e+00
1.419999999999999929e+00,9.825357801937229851e+00
1.429999999999999938e+00,9.905498002611613728e+00
1.439999999999999947e+00,9.985729281032185156e+00
1.449999999999999956e+00,1.006605092171765570e+01
1.459999999999999964e+00,1.014646221804282611e+01
1.469999999999999973e+00,1.022696247211985643e+01
1.479999999999999982e+00,1.030755099468177960e+01
1.489999999999999991e+00,1.038822710496818225e+01
1.500000000000000000e+00,1.046899013061302064e+01
1.510000000000000009e+00,1.054983940753449900e+01
1.520000000000000018e+00,1.063077427982698175e+01
1.530000000000000027e+00,1.071179409965487217e+01
1.540000000000000036e+00,1.079289822714842551e+01
1.550000000000000044e+00,1.087408603030144150e+01
1.560000000000000053e+00,1.095535688487079184e+01
1.570000000000000062e+00,1.103671017427774537e+01
1.580000000000000071e+00,1.111814528951104997e+01
1.590000000000000080e+00,1.119966162903171814e+01
1.600000000000000089e+00,1.128125859867948932e+01
1.610000000000000098e+00,1.136293561158092835e+01
1.620000000000000107e+00,1.144469208805912075e+01
1.630000000000000115e+00,1.152652745554492242e+01
1.640000000000000124e+00,1.160844114848973874e+01
1.650000000000000133e+00,1.169043260827979935e+01
1.660000000000000142e+00,1.177250128315188071e+01
1.669999999999999929e+00,1.185464662811046033e+01
1.679999999999999938e+00,1.193686810484626015e+01
1.689999999999999947e+00,1.201916518165615777e+01
1.699999999999999956e+00,1.210153733336442450e+01
1.709999999999999964e+00,1.218398404124526913e+01
1.719999999999999973e+00,1.226650479294666063e+01
1.729999999999999982e+00,1.234909908241539256e+01
1.739999999999999991e+00,1.243176640982336778e+01
1.750000000000000000e+00,1.251450628149508404e+01
1.760000000000000009e+00,1.259731820983628481e+01
1.770000000000000018e+00,1.268020171326375234e+01
1.780000000000000027e+00,1.276315631613622159e+01
1.790000000000000036e+00,1.284618154868639195e+01
1.800000000000000044e+00,1.292927694695401719e+01
1.810000000000000053e+00,1.301244205272003107e+01
1.820000000000000062e+00,1.309567641344172095e+01
1.830000000000000071e+00,1.317897958218889620e+01
1.840000000000000080e+00,1.326235111758104956e+01
1.850000000000000089e+00,1.334579058372548310e+01
1.860000000000000098e+00,1.342929755015638449e+01
1.870000000000000107e+00,1.351287159177482522e+01
1.880000000000000115e+00,1.359651228878967899e+01
1.890000000000000124e+00,1.368021922665942114e+01
1.900000000000000133e+00,1.376399199603480206e+01
1.910000000000000142e+00,1.384783019270238569e+01
1.919999999999999929e+00,1.393173341752891581e+01
1.929999999999999938e+00,1.401570127640651187e+01
1.939999999999999947e+00,1.409973338019866596e+01
1.949999999999999956e+00,1.418382934468703560e+01
1.959999999999999964e+00,1.426798879051900926e+01
1.969999999999999973e+00,1.435221134315603031e+01
1.979999999999999982e+00,1.443649663282266538e+01
1.989999999999999991e+00,1.452084429445640978e+01
2.000000000000000000e+00,1.460525396765820361e+01
2.010000000000000231e+00,1.468972529664365290e+01
2.020000000000000018e+00,1.477425793019494549e+01
2.030000000000000249e+00,1.485885152161343292e+01
2.040000000000000036e+00,1.494350572867289095e+01
2.049999999999999822e+00,1.502822021357341953e+01
2.060000000000000053e+00,1.511299464289598937e+01
2.069999999999999840e+00,1.519782868755761207e+01
2.080000000000000071e+00,1.528272202276713188e+01
2.089999999999999858e+00,1.536767432798161259e+01
2.100000000000000089e+00,1.545268528686333376e+01
2.109999999999999876e+00,1.553775458723734992e+01
2.120000000000000107e+00,1.562288192104964146e+01
2.129999999999999893e+00,1.570806698432581427e+01
2.140000000000000124e+00,1.579330947713035371e+01
2.149999999999999911e+00,1.587860910352642385e+01
2.160000000000000142e+00,1.596396557153619966e+01
2.169999999999999929e+00,1.604937859310171788e+01
2.180000000000000160e+00,1.613484788404623416e+01
2.189999999999999947e+00,1.622037316403611129e+01
2.200000000000000178e+00,1.630595415654316582e+01
2.209999999999999964e+00,1.639159058880753150e+01
2.220000000000000195e+00,1.647728219180098819e+01
2.229999999999999982e+00,1.656302870019076323e+01
2.240000000000000213e+00,1.664882985230378765e+01
2.250000000000000000e+00,1.673468539009141764e+01
2.260000000000000231e+00,1.682059505909459673e+01
2.270000000000000018e+00,1.690655860840945834e+01
2.280000000000000249e+00,1.699257579065335477e+01
2.290000000000000036e+00,1.707864636193131602e+01
2.300000000000000266e+00,1.716477008180291364e+01
2.310000000000000053e+00,1.725094671324955087e+01
2.319999999999999840e+00,1.733717602264214719e+01
2.330000000000000071e+00,1.742345777970921716e+01
2.339999999999999858e+00,1.750979175750533301e+01
2.350000000000000089e+00,1.759617773237998861e+01
2.359999999999999876e+00,1.768261548394682592e+01
2.370000000000000107e+00,1.776910479505322371e+01
2.379999999999999893e+00,1.785564545175027718e+01
2.390000000000000124e+00,1.794223724326311498e+01
2.399999999999999911e+00,1.802887996196156450e+01
2.410000000000000142e+00,1.811557340333119015e+01
2.419999999999999929e+00,1.820231736594464778e+01
2.430000000000000160e+00,1.828911165143338025e+01
2.439999999999999947e+00,1.837595606445965402e+01
2.450000000000000178e+00,1.846285041268891192e+01
2.459999999999999964e+00,1.854979450676244923e+01
2.470000000000000195e+00,1.863678816027039886e+01
2.479999999999999982e+00,1.872383118972503979e+01
2.490000000000000213e+00,1.881092341453438976e+01
2.500000000000000000e+00,1.889806465697612481e+01
2.510000000000000231e+00,1.898525474217177234e+01
2.520000000000000018e+00,1.907249349806120620e+01
2.530000000000000249e+00,1.915978075537742242e+01
2.540000000000000036e+00,1.924711634762160628e+01
2.550000000000000266e+00,1.933450011103846933e+01
2.560000000000000053e+00,1.942193188459186359e+01
2.569999999999999840e+00,1.950941150994065865e+01
2.580000000000000071e+00,1.959693883141490289e+01
2.589999999999999858e+00,1.968451369599221579e+01
2.600000000000000089e+00,1.977213595327447493e+01
2.609999999999999876e+00,1.985980545546471987e+01
2.620000000000000107e+00,1.994752205734432948e+01
2.629999999999999893e+00,2.003528561625044802e+01
2.640000000000000124e+00,2.012309599205363142e+01
2.649999999999999911e+00,2.021095304713575302e+01
2.660000000000000142e+00,2.029885664636813658e+01
2.669999999999999929e+00,2.038680665708992734e+01
2.680000000000000160e+00,2.047480294908667631e+01
2.689999999999999947e+00,2.056284539456917315e+01
2.700000000000000178e+00,2.065093386815248166e+01
2.709999999999999964e+00,2.073906824683520611e+01
2.720000000000000195e+00,2.082724840997896010e+01
2.729999999999999982e+00,2.091547423928806637e+01
2.740000000000000213e+00,2.100374561878945556e+01
2.750000000000000000e+00,2.109206243481276033e+01
2.760000000000000231e+00,2.118042457597064754e+01
2.770000000000000018e+00,2.126883193313930676e+01
2.780000000000000249e+00,2.135728439943917678e+01
2.790000000000000036e+00,2.144578187021584270e+01
2.800000000000000266e+00,2.153432424302113191e+01
2.810000000000000053e+00,2.162291141759440549e+01
2.819999999999999840e+00,2.171154329584403087e+01
2.830000000000000071e+00,2.180021978182904618e+01
2.839999999999999858e+00,2.188894078174099178e+01
2.850000000000000089e+00,2.197770620388594054e+01
2.859999999999999876e+00,2.206651595866669169e+01
2.870000000000000107e+00,2.215536995856515290e+01
2.879999999999999893e+00,2.224426811812487514e+01
2.890000000000000124e+00,2.233321035393377585e+01
2.899999999999999911e+00,2.242219658460702547e+01
2.910000000000000142e+00,2.251122673077008685e+01
2.919999999999999929e+00,2.260030071504194638e+01
2.930000000000000160e+00,2.268941846201847312e+01
2.939999999999999947e+00,2.277857989825596619e+01
2.950000000000000178e+00,2.286778495225483354e+01
2.959999999999999964e+00,2.295703355444344851e+01
2.970000000000000195e+00,2.304632563716214477e+01
2.979999999999999982e+00,2.313566113464737128e+01
2.990000000000000213e+00,2.322503998301598926e+01
3.000000000000000000e+00,2.331446212024972198e+01
3.010000000000000231e+00,2.340392748617974661e+01
3.020000000000000018e+00,2.349343602247142471e+01
3.030000000000000249e+00,2.358298767260918538e+01
3.040000000000000036e+00,2.367258238188155062e+01
3.050000000000000266e+00,2.376222009736627427e+01
3.060000000000000053e+00,2.385190076791564806e+01
3.070000000000000284e+00,2.394162434414192475e+01
3.080000000000000071e+00,2.403139077840287285e+01
3.089999999999999858e+00,2.412120002478747338e+01
3.100000000000000089e+00,2.421105203910173742e+01
3.109999999999999876e+00,2.430094677885466226e+01
3.120000000000000107e+00,2.439088420324429762e+01
3.129999999999999893e+00,2.448086427314394697e+01
3.140000000000000124e+00,2.457088695108850374e+01
3.149999999999999911e+00,2.466095220126087995e+01
3.160000000000000142e+00,2.475105998947858410e+01
3.169999999999999929e+00,2.484121028318040558e+01
3.180000000000000160e+00,2.493140305141320923e+01
3.189999999999999947e+00,2.502163826481886844e+01
3.200000000000000178e+00,2.511191589562128712e+01
3.209999999999999964e+00,2.520223591761354953e+01
3.220000000000000195e+00,2.529259830614519089e+01
3.229999999999999982e+00,2.538300303810955327e+01
3.240000000000000213e+00,2.547345009193126941e+01
3.250000000000000000e+00,2.556393944755386016e+01
3.260000000000000231e+00,2.565447108642741370e+01
3.270000000000000018e+00,2.574504499149640324e+01
3.280000000000000249e+00,2.583566114718758300e+01
3.290000000000000036e+00,2.592631953939799416e+01
3.300000000000000266e+00,2.601702015548308466e+01
3.310000000000000053e+00,2.610776298424491060e+01
3.320000000000000284e+00,2.619854801592045845e+01
3.330000000000000071e+00,2.628937524217004906e+01
3.339999999999999858e+00,2.638024465606584457e+01
3.350000000000000089e+00,2.647115625208045486e+01
3.359999999999999876e+00,2.656211002607563643e+01
3.370000000000000107e+00,2.665310597529108705e+01
3.379999999999999893e+00,2.674414409833333650e+01
3.390000000000000124e+00,2.683522439516471891e+01
3.399999999999999911e+00,2.692634686709244818e+01
3.410000000000000142e+00,2.701751151675777862e+01
3.419999999999999929e+00,2.710871834812525094e+01
3.430000000000000160e+00,2.719996736647203406e+01
3.439999999999999947e+00,2.729125857837735580e+01
3.450000000000000178e+00,2.738259199171200464e+01
3.459999999999999964e+00,2.747396761562793799e+01
3.470000000000000195e+00,2.756538546054795802e+01
3.479999999999999982e+00,2.765684553815547275e+01
3.490000000000000213e+00,2.774834786138435661e+01
3.500000000000000000e+00,2.783989244440887489e+01
3.510000000000000231e+00,2.793147930263369005e+01
3.520000000000000018e+00,2.802310845268396378e+01
3.530000000000000249e+00,2.811477991239551955e+01
3.540000000000000036e+00,2.820649370080509044e+01
3.550000000000000266e+00,2.829824983814065575e+01
3.560000000000000053e+00,2.839004834581183800e+01
3.570000000000000284e+00,2.848188924640038167e+01
3.580000000000000071e+00,2.857377256365071361e+01
3.589999999999999858e+00,2.866569832246056748e+01
3.600000000000000089e+00,2.875766654887168983e+01
3.609999999999999876e+00,2.884967727006061722e+01
3.620000000000000107e+00,2.894173051432952448e+01
3.629999999999999893e+00,2.903382631109714396e+01
3.640000000000000124e+00,2.912596469088975581e+01
3.649999999999999911e+00,2.921814568533225298e+01
3.660000000000000142e+00,2.931036932713927001e+01
3.669999999999999929e+00,2.940263565010637947e+01
3.680000000000000160e+00,2.949494468910136291e+01
3.689999999999999947e+00,2.958729648005554580e+01
3.700000000000000178e+00,2.967969105995519641e+01
3.709999999999999964e+00,2.977212846683299574e+01
3.720000000000000195e+00,2.986460873975957142e+01
3.729999999999999982e+00,2.995713191883509197e+01
3.740000000000000213e+00,3.004969804518092857e+01
3.750000000000000000e+00,3.014230716093138795e+01
3.760000000000000231e+00,3.023495930922549135e+01
3.770000000000000018e+00,3.032765453419883173e+01
3.780000000000000249e+00,3.042039288097548422e+01
3.790000000000000036e+00,3.051317439565998413e+01
3.800000000000000266e+00,3.060599912532935107e+01
3.810000000000000053e+00,3.069886711802519130e+01
3.820000000000000284e+00,3.079177842274584975e+01
3.830000000000000071e+00,3.088473308943862605e+01
3.839999999999999858e+00,3.097773116899204027e+01
3.850000000000000089e+00,3.107077271322816614e+01
3.859999999999999876e+00,3.116385777489501052e+01
3.870000000000000107e+00,3.125698640765896030e+01
3.879999999999999893e+00,3.135015866609728974e+01
3.890000000000000124e+00,3.144337460569070331e+01
3.899999999999999911e+00,3.153663428281594605e+01
3.910000000000000142e+00,3.162993775473848146e+01
3.919999999999999929e+00,3.172328507960519417e+01
3.930000000000000160e+00,3.181667631643717087e+01
3.939999999999999947e+00,3.191011152512253091e+01
3.950000000000000178e+00,3.200359076640929601e+01
3.959999999999999964e+00,3.209711410189832748e+01
3.970000000000000195e+00,3.219068159403629892e+01
3.979999999999999982e+00,3.228429330610875070e+01
3.990000000000000213e+00,3.237794930223315504e+01
4.000000000000000000e+00,3.247164964735206638e+01
4.009999999999999787e+00,3.256539440722629308e+01
4.020000000000000462e+00,3.265918364842814015e+01
4.030000000000000249e+00,3.275301743833469459e+01
4.040000000000000036e+00,3.284689584512116767e+01
4.049999999999999822e+00,3.294081893775425840e+01
4.060000000000000497e+00,3.303478678598558815e+01
4.070000000000000284e+00,3.312879946034519207e+01
4.080000000000000071e+00,3.322285703213502472e+01
4.089999999999999858e+00,3.331695957342253678e+01
4.099999999999999645e+00,3.341110715703430145e+01
4.110000000000000320e+00,3.350529985654966936e+01
4.120000000000000107e+00,3.359953774629447310e+01
4.129999999999999893e+00,3.369382090133479579e+01
4.139999999999999680e+00,3.378814939747074675e+01
4.150000000000000355e+00,3.388252331123032235e+01
4.160000000000000142e+00,3.397694271986329539e+01
4.169999999999999929e+00,3.407140770133512575e+01
4.179999999999999716e+00,3.416591833432096337e+01
4.190000000000000391e+00,3.426047469819963709e+01
4.200000000000000178e+00,3.435507687304773583e+01
4.209999999999999964e+00,3.444972493963368976e+01
4.219999999999999751e+00,3.454441897941193673e+01
4.230000000000000426e+00,3.463915907451708875e+01
4.240000000000000213e+00,3.473394530775816236e+01
4.250000000000000000e+00,3.482877776261285874e+01
4.259999999999999787e+00,3.492365652322185809e+01
4.270000000000000462e+00,3.501858167438317793e+01
4.280000000000000249e+00,3.511355330154653842e+01
4.290000000000000036e+00,3.520857149080782733e+01
4.299999999999999822e+00,3.530363632890352932e+01
4.310000000000000497e+00,3.539874790320526188e+01
4.320000000000000284e+00,3.549390630171431127e+01
4.330000000000000071e+00,3.558911161305619686e+01
4.339999999999999858e+00,3.568436392647531363e+01
4.350000000000000533e+00,3.577966333182959602e+01
4.360000000000000320e+00,3.587500991958518881e+01
4.370000000000000107e+00,3.597040378081120338e+01
4.379999999999999893e+00,3.606584500717447384e+01
4.389999999999999680e+00,3.616133369093437722e+01
4.400000000000000355e+00,3.625686992493766780e+01
4.410000000000000142e+00,3.635245380261335413e+01
4.419999999999999929e+00,3.644808541796763279e+01
4.429999999999999716e+00,3.654376486557880810e+01
4.440000000000000391e+00,3.663949224059231113e+01
4.450000000000000178e+00,3.673526763871569756e+01
4.459999999999999964e+00,3.683109115621370933e+01
4.469999999999999751e+00,3.692696288990337194e+01
4.480000000000000426e+00,3.702288293714911305e+01
4.490000000000000213e+00,3.711885139585792359e+01
4.500000000000000000e+00,3.721486836447454039e+01
4.509999999999999787e+00,3.731093394197667834e+01
4.520000000000000462e+00,3.740704822787029826e+01
4.530000000000000249e+00,3.750321132218488884e+01
4.540000000000000036e+00,3.759942332546877708e+01
4.549999999999999822e+00,3.769568433878451685e+01
4.560000000000000497e+00,3.779199446370424909e+01
4.570000000000000284e+00,3.788835380230514005e+01
4.580000000000000071e+00,3.798476245716482680e+01
4.589999999999999858e+00,3.808122053135689811e+01
4.600000000000000533e+00,3.817772812844641805e+01
4.610000000000000320e+00,3.827428535248546382e+01
4.620000000000000107e+00,3.837089230800870610e+01
4.629999999999999893e+00,3.846754910002902506e+01
4.639999999999999680e+00,3.856425583403313340e+01
4.650000000000000355e+00,3.866101261597725625e+01
4.660000000000000142e+00,3.875781955228282527e+01
4.669999999999999929e+00,3.885467674983220121e+01
4.679999999999999716e+00,3.895158431596444615e+01
4.690000000000000391e+00,3.904854235847109578e+01
4.700000000000000178e+00,3.914555098559198143e+01
4.709999999999999964e+00,3.924261030601107336e+01
4.719999999999999751e+00,3.933972042885235965e+01
4.730000000000000426e+00,3.943688146367573211e+01
4.740000000000000213e+00,3.953409352047294334e+01
4.750000000000000000e+00,3.963135670966353530e+01
4.759999999999999787e+00,3.972867114209084605e+01
4.770000000000000462e+00,3.982603692901800940e+01
4.780000000000000249e+00,3.992345418212401142e+01
4.790000000000000036e+00,4.002092301349974690e+01
4.799999999999999822e+00,4.011844353564412557e+01
4.810000000000000497e+00,4.021601586146017837e+01
4.820000000000000284e+00,4.031364010425122757e+01
4.830000000000000071e+00,4.041131637771704277e+01
4.839999999999999858e+00,4.050904479595005370e+01
4.850000000000000533e+00,4.060682547343158433e+01
4.860000000000000320e+00,4.070465852502809412e+01
4.870000000000000107e+00,4.080254406598746186e+01
4.879999999999999893e+00,4.090048221193529088e+01
4.889999999999999680e+00,4.099847307887125680e+01
4.900000000000000355e+00,4.109651678316543411e+01
4.910000000000000142e+00,4.119461344155470783e+01
4.919999999999999929e+00,4.129276317113916406e+01
4.929999999999999716e+00,4.139096608937851585e+01
4.940000000000000391e+00,4.148922231408857186e+01
4.950000000000000178e+00,4.158753196343771208e+01
4.959999999999999964e+00,4.168589515594339900e+01
4.969999999999999751e+00,4.178431201046868892e+01
4.980000000000000426e+00,4.188278264621879998e+01
4.990000000000000213e+00,4.198130718273769446e+01
5.000000000000000000e+00,4.207988573990465397e+01
5.009999999999999787e+00,4.217851843793092570e+01
5.020000000000000462e+00,4.227720539735636152e+01
5.030000000000000249e+00,4.237594673774111698e+01
5.040000000000000036e+00,4.247474257767270700e+01
5.049999999999999822e+00,4.257359303477296208e+01
5.060000000000000497e+00,4.267249822570499163e+01
5.070000000000000284e+00,4.277145826618009039e+01
5.080000000000000071e+00,4.287047327096455973e+01
5.089999999999999858e+00,4.296954335388654300e+01
5.100000000000000533e+00,4.306866862784276151e+01
5.110000000000000320e+00,4.316784920480524335e+01
5.120000000000000107e+00,4.326708519582799539e+01
5.129999999999999893e+00,4.336637671105361846e+01
5.139999999999999680e+00,4.346572385971990116e+01
5.150000000000000355e+00,4.356512675016633551e+01
5.160000000000000142e+00,4.366458548984063270e+01
5.169999999999999929e+00,4.376410018530516055e+01
5.179999999999999716e+00,4.386367094224333840e+01
5.190000000000000391e+00,4.396329786546601781e+01
5.200000000000000178e+00,4.406298105891778505e+01
5.209999999999999964e+00,4.416272062568324941e+01
5.219999999999999751e+00,4.426251666799325335e+01
5.230000000000000426e+00,4.436236928723108974e+01
5.240000000000000213e+00,4.446227858393861965e+01
5.250000000000000000e+00,4.456224465782239719e+01
5.259999999999999787e+00,4.466226760775972338e+01
5.270000000000000462e+00,4.476234753180466441e+01
5.280000000000000249e+00,4.486248452719404156e+01
5.290000000000000036e+00,4.496267869035334996e+01
5.299999999999999822e+00,4.506293011690267036e+01
5.310000000000000497e+00,4.516323890166251687e+01
5.320000000000000284e+00,4.526360513865966340e+01
5.330000000000000071e+00,4.536402892113288488e+01
5.339999999999999858e+00,4.546451034153873394e+01
5.350000000000000533e+00,4.556504949155719686e+01
5.360000000000000320e+00,4.566564646209737788e+01
5.370000000000000107e+00,4.576630134330308408e+01
5.379999999999999893e+00,4.586701422455841026e+01
5.389999999999999680e+00,4.596778519449328826e+01
5.400000000000000355e+00,4.606861434098896524e+01
5.410000000000000142e+00,4.616950175118346777e+01
5.419999999999999929e+00,4.627044751147700907e+01
5.429999999999999716e+00,4.637145170753738910e+01
5.440000000000000391e+00,4.647251442430531654e+01
5.450000000000000178e+00,4.657363574599971656e+01
5.459999999999999964e+00,4.667481575612301725e+01
5.469999999999999751e+00,4.677605453746635078e+01
5.480000000000000426e+00,4.687735217211475458e+01
5.490000000000000213e+00,4.697870874145232278e+01
5.500000000000000000e+00,4.708012432616733633e+01
5.509999999999999787e+00,4.718159900625732917e+01
5.520000000000000462e+00,4.728313286103414015e+01
5.530000000000000249e+00,4.738472596912890822e+01
5.540000000000000036e+00,4.748637840849706748e+01
5.549999999999999822e+00,4.758809025642324997e+01
5.560000000000000497e+00,4.768986158952622390e+01
5.570000000000000284e+00,4.779169248376372536e+01
5.580000000000000071e+00,4.789358301443731136e+01
5.589999999999999858e+00,4.799553325619714883e+01
5.600000000000000533e+00,4.809754328304676108e+01
5.610000000000000320e+00,4.819961316834776710e+01
5.620000000000000107e+00,4.830174298482457829e+01
5.629999999999999893e+00,4.840393280456903824e+01
5.639999999999999680e+00,4.850618269904506263e+01
5.650000000000000355e+00,4.860849273909322221e+01
5.660000000000000142e+00,4.871086299493529737e+01
5.669999999999999929e+00,4.881329353617879718e+01
5.679999999999999716e+00,4.891578443182145719e+01
5.690000000000000391e+00,4.901833575025570156e+01
5.700000000000000178e+00,4.912094755927304845e+01
5.709999999999999964e+00,4.922361992606852965e+01
5.719999999999999751e+00,4.932635291724502480e+01
5.730000000000000426e+00,4.942914659881760286e+01
5.740000000000000213e+00,4.953200103621781381e+01
5.750000000000000000e+00,4.963491629429795893e+01
5.759999999999999787e+00,4.973789243733531862e+01
5.770000000000000462e+00,4.984092952903635876e+01
5.780000000000000249e+00,4.994402763254089450e+01
5.790000000000000036e+00,5.004718681042623984e+01
5.799999999999999822e+00,5.015040712471130746e+01
5.810000000000000497e+00,5.025368863686070142e+01
5.820000000000000284e+00,5.035703140778876019e+01
5.830000000000000071e+00,5.046043549786357119e+01
5.839999999999999858e+00,5.056390096691096403e+01
5.850000000000000533e+00,5.066742787421847538e+01
5.860000000000000320e+00,5.077101627853927113e+01
5.870000000000000107e+00,5.087466623809605437e+01
5.879999999999999893e+00,5.097837781058493789e+01
5.889999999999999680e+00,5.108215105317928817e+01
5.900000000000000355e+00,5.118598602253354102e+01
5.910000000000000142e+00,5.128988277478697455e+01
5.919999999999999929e+00,5.139384136556749638e+01
5.929999999999999716e+00,5.149786184999535266e+01
5.940000000000000391e+00,5.160194428268682998e+01
5.950000000000000178e+00,5.170608871775794313e+01
5.959999999999999964e+00,5.181029520882808015e+01
5.969999999999999751e+00,5.191456380902361190e+01
5.980000000000000426e+00,5.201889457098150871e+01
5.990000000000000213e+00,5.212328754685288601e+01
6.000000000000000000e+00,5.222774278830654282e+01
6.009999999999999787e+00,5.233226034653250025e+01
6.020000000000000462e+00,5.243684027224546185e+01
6.030000000000000249e+00,5.254148261568828815e+01
6.040000000000000036e+00,5.264618742663542861e+01
6.049999999999999822e+00,5.275095475439633930e+01
6.060000000000000497e+00,5.285578464781885799e+01
6.070000000000000284e+00,5.296067715529255793e+01
6.080000000000000071e+00,5.306563232475210157e+01
6.089999999999999858e+00,5.317065020368052330e+01
6.100000000000000533e+00,5.327573083911253349e+01
6.110000000000000320e+00,5.338087427763776560e+01
6.120000000000000107e+00,5.348608056540402345e+01
6.129999999999999893e+00,5.359134974812047147e+01
6.140000000000000568e+00,5.369668187106083224e+01
6.150000000000000355e+00,5.380207697906655540e+01
6.160000000000000142e+00,5.390753511654995123e+01
6.169999999999999929e+00,5.401305632749728858e+01
6.179999999999999716e+00,5.411864065547191416e+01
6.190000000000000391e+00,5.422428814361729366e+01
6.200000000000000178e+00,5.432999883466007418e+01
6.209999999999999964e+00,5.443577277091309696e+01
6.219999999999999751e+00,5.454160999427841006e+01
6.230000000000000426e+00,5.464751054625021709e+01
6.240000000000000213e+00,5.475347446791786155e+01
6.250000000000000000e+00,5.485950179996873999e+01
6.259999999999999787e+00,5.496559258269121528e+01
6.270000000000000462e+00,5.507174685597750141e+01
6.280000000000000249e+00,5.517796465932653405e+01
6.290000000000000036e+00,5.528424603184681274e+01
6.299999999999999822e+00,5.539059101225922888e+01
6.310000000000000497e+00,5.549699963889984389e+01
6.320000000000000284e+00,5.560347194972270302e+01
6.330000000000000071e+00,5.571000798230256379e+01
6.339999999999999858e+00,5.581660777383765293e+01
6.350000000000000533e+00,5.592327136115237352e+01
6.360000000000000320e+00,5.602999878070000506e+01
6.370000000000000107e+00,5.613679006856538933e+01
6.379999999999999893e+00,5.624364526046755941e+01
6.390000000000000568e+00,5.635056439176240417e+01
6.400000000000000355e+00,5.645754749744526890e+01
6.410000000000000142e+00,5.656459461215355589e+01
6.419999999999999929e+00,5.667170577016929656e+01
6.429999999999999716e+00,5.677888100542170946e+01
6.440000000000000391e+00,5.688612035148973689e+01
6.450000000000000178e+00,5.699342384160457442e+01
6.459999999999999964e+00,5.710079150865215070e+01
6.469999999999999751e+00,5.720822338517562144e+01
6.480000000000000426e+00,5.731571950337782795e+01
6.490000000000000213e+00,5.742327989512372710e+01
6.500000000000000000e+00,5.753090459194284279e+01
6.509999999999999787e+00,5.763859362503163908e+01
6.520000000000000462e+00,5.774634702525592900e+01
6.530000000000000249e+00,5.785416482315324060e+01
6.540000000000000036e+00,5.796204704893515469e+01
6.549999999999999822e+00,5.806999373248966378e+01
6.560000000000000497e+00,5.817800490338346009e+01
6.570000000000000284e+00,5.828608059086425186e+01
6.580000000000000071e+00,5.839422082386303714e+01
6.589999999999999858e+00,5.850242563099637039e+01
6.600000000000000533e+00,5.861069504056860069e+01
6.610000000000000320e+00,5.871902908057410286e+01
6.620000000000000107e+00,5.882742777869950856e+01
6.629999999999999893e+00,5.893589116232586633e+01
6.640000000000000568e+00,5.904441925853085138e+01
6.650000000000000355e+00,5.915301209409091854e+01
6.660000000000000142e+00,5.926166969548344099e+01
6.669999999999999929e+00,5.937039208888883479e+01
6.679999999999999716e+00,5.947917930019269761e+01
6.690000000000000391e+00,5.958803135498787640e+01
6.700000000000000178e+00,5.969694827857657060e+01
6.709999999999999964e+00,5.980593009597237852e+01
6.719999999999999751e+00,5.991497683190236501e+01
6.730000000000000426e+00,6.002408851080908647e+01
6.740000000000000213e+00,6.013321653250647358e+01
6.750000000000000000e+00,6.024236071455547403e+01
6.759999999999999787e+00,6.035152087561100132e+01
6.770000000000000462e+00,6.046069683541441719e+01
6.780000000000000249e+00,6.056988841478615626e+01
6.790000000000000036e+00,6.067909543561835051e+01
6.799999999999999822e+00,6.078831772086754626e+01
6.810000000000000497e+00,6.089755509454747795e+01
6.820000000000000284e+00,6.100680738172190587e+01
6.830000000000000071e+00,6.111607440849751072e+01
6.839999999999999858e+00,6.122535600201683792e+01
6.850000000000000533e+00,6.133465199045133431e+01
6.860000000000000320e+00,6.144396220299439193e+01
6.870000000000000107e+00,6.155328646985450547e+01
6.879999999999999893e+00,6.166262462224844398e+01
6.890000000000000568e+00,6.177197649239450783e+01
6.900000000000000355e+00,6.188134191350582114e+01
6.910000000000000142e+00,6.199072071978368825e+01
6.919999999999999929e+00,6.210011274641100698e+01
6.929999999999999716e+00,6.220951782954574583e+01
6.940000000000000391e+00,6.231893580631444962e+01
6.950000000000000178e+00,6.242836651480581622e+01
6.959999999999999964e+00,6.253780979406433005e+01
6.969999999999999751e+00,6.264726548408393114e+01
6.980000000000000426e+00,6.275673342580175529e+01
6.990000000000000213e+00,6.286621346109190966e+01
7.000000000000000000e+00,6.297570543275929822e+01
7.009999999999999787e+00,6.308520918453351811e+01
7.020000000000000462e+00,6.319472456106277747e+01
7.030000000000000249e+00,6.330425140790789129e+01
7.040000000000000036e+00,6.341378957153629159e+01
7.049999999999999822e+00,6.352333889931612276e+01
7.060000000000000497e+00,6.363289923951035831e+01
7.070000000000000284e+00,6.374247044127096729e+01
7.080000000000000071e+00,6.385205235463313755e+01
7.089999999999999858e+00,6.396164483050954885e+01
7.100000000000000533e+00,6.407124772068468133e+01
7.110000000000000320e+00,6.418086087780913829e+01
7.120000000000000107e+00,6.429048415539411110e+01
7.129999999999999893e+00,6.440011740780576588e+01
7.140000000000000568e+00,6.450976049025975101e+01
7.150000000000000355e+00,6.461941325881572595e+01
7.160000000000000142e+00,6.472907557037197535e+01
7.169999999999999929e+00,6.483874728265995202e+01
7.179999999999999716e+00,6.494842825423900479e+01
7.190000000000000391e+00,6.505811834449104936e+01
7.200000000000000178e+00,6.516781741361529612e+01
7.209999999999999964e+00,6.527752532262307739e+01
7.219999999999999751e+00,6.538724193333264623e+01
7.230000000000000426e+00,6.549696710836401792e+01
7.240000000000000213e+00,6.560670071113392510e+01
7.250000000000000000e+00,6.571644260585073027e+01
7.259999999999999787e+00,6.582619265750939519e+01
7.270000000000000462e+00,6.593595073188654965e+01
7.280000000000000249e+00,6.604571669553548929e+01
7.290000000000000036e+00,6.615549041578132972e+01
7.299999999999999822e+00,6.626527176071610370e+01
7.310000000000000497e+00,6.637506059919395796e+01
7.320000000000000284e+00,6.648485680082634985e+01
7.330000000000000071e+00,6.659466023597727258e+01
7.339999999999999858e+00,6.670447077575857975e+01
7.350000000000000533e+00,6.681428829202526742e+01
7.360000000000000320e+00,6.692411265737084136e+01
7.370000000000000107e+00,6.703394374512271270e+01
7.379999999999999893e+00,6.714378142933759364e+01
7.390000000000000568e+00,6.725362558479697839e+01
7.400000000000000355e+00,6.736347608700262413e+01
7.410000000000000142e+00,6.747333281217207457e+01
7.419999999999999929e+00,6.758319563723421197e+01
7.429999999999999716e+00,6.769306443982488020e+01
7.440000000000000391e+00,6.780293909828246512e+01
7.450000000000000178e+00,6.791281949164357457e+01
7.459999999999999964e+00,6.802270549963871815e+01
7.469999999999999751e+00,6.813259700268804409e+01
7.480000000000000426e+00,6.824249388189707588e+01
7.490000000000000213e+00,6.835239601905249174e+01
7.500000000000000000e+00,6.846230329661794656e+01
7.509999999999999787e+00,6.857221559772993658e+01
7.520000000000000462e+00,6.868213280619363559e+01
7.530000000000000249e+00,6.879205480647883064e+01
7.540000000000000036e+00,6.890198148371584352e+01
7.549999999999999822e+00,6.901191272369150909e+01
7.560000000000000497e+00,6.912184841284516779e+01
7.570000000000000284e+00,6.923178843826465823e+01
7.580000000000000071e+00,6.934173268768242338e+01
7.589999999999999858e+00,6.945168104947154575e+01
7.600000000000000533e+00,6.956163341264189626e+01
7.610000000000000320e+00,6.967158966683622623e+01
7.620000000000000107e+00,6.978154970232637311e+01
7.629999999999999893e+00,6.989151341000945195e+01
7.640000000000000568e+00,7.000148068140403268e+01
7.650000000000000355e+00,7.011145140864644532e+01
7.660000000000000142e+00,7.022142548448701405e+01
7.669999999999999929e+00,7.033140280228637664e+01
7.679999999999999716e+00,7.044138325601180384e+01
7.690000000000000391e+00,7.055136674023354715e+01
7.700000000000000178e+00,7.066135315012124352e+01
7.709999999999999964e+00,7.077134238144030576e+01
7.719999999999999751e+00,7.088133433054832722e+01
7.730000000000000426e+00,7.099132889439158589e+01
7.740000000000000213e+00,7.110132597050149172e+01
7.750000000000000000e+00,7.121132545699110494e+01
7.759999999999999787e+00,7.132132725255165440e+01
7.770000000000000462e+00,7.143133125644909853e+01
7.780000000000000249e+00,7.154133736852071479e+01
7.790000000000000036e+00,7.165134548917170321e+01
7.799999999999999822e+00,7.176135551937177581e+01
7.810000000000000497e+00,7.187136736065184550e+01
7.820000000000000284e+00,7.198138091510070069e+01
7.830000000000000071e+00,7.209139608536166577e+01
7.839999999999999858e+00,7.220141277462936102e+01
7.850000000000000533e+00,7.231143088664641994e+01
7.860000000000000320e+00,7.242145032570024910e+01
7.870000000000000107e+00,7.253147099661983077e+01
7.879999999999999893e+00,7.264149280477252546e+01
7.890000000000000568e+00,7.275151565606091708e+01
7.900000000000000355e+00,7.286153945691962974e+01
7.910000000000000142e+00,7.297156411431224399e+01
7.919999999999999929e+00,7.308158953572817040e+01
7.930000000000000604e+00,7.319161562917955166e+01
7.940000000000000391e+00,7.330164230319823560e+01
7.950000000000000178e+00,7.341166946683269146e+01
7.959999999999999964e+00,7.352169702964505404e+01
7.969999999999999751e+00,7.363172490170803997e+01
7.980000000000000426e+00,7.374175299360203439e+01
7.990000000000000213e+00,7.385178121641210680e+01
8.000000000000000000e+00,7.396180948172508351e+01
8.009999999999999787e+00,7.407183770162659187e+01
8.019999999999999574e+00,7.418186578869818959e+01
8.029999999999999361e+00,7.429189365601450845e+01
8.040000000000000924e+00,7.440192121714032680e+01
8.050000000000000711e+00,7.451194838612779847e+01
8.060000000000000497e+00,7.462197507751358216e+01
8.070000000000000284e+00,7.473200120631605614e+01
8.080000000000000071e+00,7.484202668803251868e+01
8.089999999999999858e+00,7.495205143863644537e+01
8.099999999999999645e+00,7.506207537457471801e+01
8.109999999999999432e+00,7.517209841276491034e+01
8.120000000000000995e+00,7.528212047059257372e+01
8.130000000000000782e+00,7.539214146590852295e+01
8.140000000000000568e+00,7.550216131702620714e+01
8.150000000000000355e+00,7.561217994271898135e+01
8.160000000000000142e+00,7.572219726221753433e+01
8.169999999999999929e+00,7.583221319520721693e+01
8.179999999999999716e+00,7.594222766182546991e+01
8.189999999999999503e+00,7.605224058265920917e+01
8.199999999999999289e+00,7.616225187874226776e+01
8.210000000000000853e+00,7.627226147155283797e+01
8.220000000000000639e+00,7.638226928301092755e+01
8.230000000000000426e+00,7.649227523547585861e+01
8.240000000000000213e+00,7.660227925174370966e+01
8.250000000000000000e+00,7.671228125504489981e+01
8.259999999999999787e+00,7.682228116904165915e+01
8.269999999999999574e+00,7.693227891782558459e+01
8.279999999999999361e+00,7.704227442591522390e+01
8.290000000000000924e+00,7.715226761825361734e+01
8.300000000000000711e+00,7.726225842020591017e+01
8.310000000000000497e+00,7.737224675755693681e+01
8.320000000000000284e+00,7.748223255650887609e+01
8.330000000000000071e+00,7.759221574367884955e+01
8.339999999999999858e+00,7.770219624609660514e+01
8.349999999999999645e+00,7.781217399120217237e+01
8.359999999999999432e+00,7.792214890684354600e+01
8.370000000000000995e+00,7.803212092127435540e+01
8.380000000000000782e+00,7.814208996315163347e+01
8.390000000000000568e+00,7.825205596153348608e+01
8.400000000000000355e+00,7.836201884587686095e+01
8.410000000000000142e+00,7.847197854603531653e+01
8.419999999999999929e+00,7.858193499225674827e+01
8.429999999999999716e+00,7.869188811518122861e+01
8.439999999999999503e+00,7.880183784583874740e+01
8.449999999999999289e+00,7.891178411564705186e+01
8.460000000000000853e+00,7.902172685640948657e+01
8.470000000000000639e+00,7.913166600031280495e+01
8.480000000000000426e+00,7.924160147992502345e+01
8.490000000000000213e+00,7.935153322819331834e+01
8.500000000000000000e+00,7.946146117844187984e+01
8.509999999999999787e+00,7.957138526436980897e+01
8.519999999999999574e+00,7.968130542004901429e+01
8.529999999999999361e+00,7.979122157992215136e+01
8.540000000000000924e+00,7.990113367880054795e+01
8.550000000000000711e+00,8.001104165186214345e+01
8.560000000000000497e+00,8.012094543464945673e+01
8.570000000000000284e+00,8.023084496306753977e+01
8.580000000000000071e+00,8.034074017338198814e+01
8.589999999999999858e+00,8.045063100221692309e+01
8.599999999999999645e+00,8.056051738655298777e+01
8.609999999999999432e+00,8.067039926372537195e+01
8.620000000000000995e+00,8.078027657142189355e+01
8.630000000000000782e+00,8.089014924768095227e+01
8.640000000000000568e+00,8.100001723088968220e+01
8.650000000000000355e+00,8.110988045978196226e+01
8.660000000000000142e+00,8.121973887343649778e+01
8.669999999999999929e+00,8.132959241127495886e+01
8.679999999999999716e+00,8.143944101306003347e+01
8.689999999999999503e+00,8.154928461889356583e+01
8.700000000000001066e+00,8.165912316921470904e+01
8.710000000000000853e+00,8.176895660479802075e+01
8.720000000000000639e+00,8.187878486675163003e+01
8.730000000000000426e+00,8.198860789651543257e+01
8.740000000000000213e+00,8.209842563585921482e+01
8.750000000000000000e+00,8.220823802688086346e+01
8.759999999999999787e+00,8.231804501200456059e+01
8.769999999999999574e+00,8.242784653397897898e+01
8.779999999999999361e+00,8.253764253587553412e+01
8.790000000000000924e+00,8.264743296108656523e+01
8.800000000000000711e+00,8.275721775332360153e+01
8.810000000000000497e+00,8.286699685661560011e+01
8.820000000000000284e+00,8.297677021530724062e+01
8.830000000000000071e+00,8.308653777405714891e+01
8.839999999999999858e+00,8.319629947783619173e+01
8.849999999999999645e+00,8.330605527192581405e+01
8.859999999999999432e+00,8.341580510191626274e+01
8.870000000000000995e+00,8.352554891370495227e+01
8.880000000000000782e+00,8.363528665349480207e+01
8.890000000000000568e+00,8.374501826779250280e+01
8.900000000000000355e+00,8.385474370340692474e+01
8.910000000000000142e+00,8.396446290744742669e+01
8.919999999999999929e+00,8.407417582732226435e+01
8.929999999999999716e+00,8.418388241073689926e+01
8.939999999999999503e+00,8.429358260569244976e+01
8.950000000000001066e+00,8.440327636048401416e+01
8.960000000000000853e+00,8.451296362369913595e+01
8.970000000000000639e+00,8.462264434421616954e+01
8.980000000000000426e+00,8.473231847120271709e+01
8.990000000000000213e+00,8.484198595411406529e+01
9.000000000000000000e+00,8.495164674269162219e+01
9.009999999999999787e+00,8.506130078696133978e+01
9.019999999999999574e+00,8.517094803723220764e+01
9.029999999999999361e+00,8.528058844409468975e+01
9.040000000000000924e+00,8.539022195841921814e+01
9.050000000000000711e+00,8.549984853135467233e+01
9.060000000000000497e+00,8.560946811432687298e+01
9.070000000000000284e+00,8.571908065903708973e+01
9.080000000000000071e+00,8.582868611746054910e+01
9.089999999999999858e+00,8.593828444184494231e+01
9.099999999999999645e+00,8.604787558470896158e+01
9.109999999999999432e+00,8.615745949884085064e+01
9.120000000000000995e+00,8.626703613729694098e+01
9.130000000000000782e+00,8.637660545340018814e+01
9.140000000000000568e+00,8.648616740073876485e+01
9.150000000000000355e+00,8.659572193316462574e+01
9.160000000000000142e+00,8.670526900479207200e+01
9.169999999999999929e+00,8.681480856999633033e+01
9.179999999999999716e+00,8.692434058341218872e+01
9.189999999999999503e+00,8.703386499993257530e+01
9.200000000000001066e+00,8.714338177470716573e+01
9.210000000000000853e+00,8.725289086314101894e+01
9.220000000000000639e+00,8.736239222089319867e+01
9.230000000000000426e+00,8.747188580387539503e+01
9.240000000000000213e+00,8.758137156825060288e+01
9.250000000000000000e+00,8.769084947043172917e+01
9.259999999999999787e+00,8.780031946708029977e+01
9.269999999999999574e+00,8.790978151510509520e+01
9.279999999999999361e+00,8.801923557166084322e+01
9.290000000000000924e+00,8.812868159414688307e+01
9.300000000000000711e+00,8.823811954020588644e+01
9.310000000000000497e+00,8.834754936772252165e+01
9.320000000000000284e+00,8.845697103482217472e+01
9.330000000000000071e+00,8.856638449986967032e+01
9.339999999999999858e+00,8.867578972146796445e+01
9.349999999999999645e+00,8.878518665845692226e+01
9.359999999999999432e+00,8.889457526991201064e+01
9.370000000000000995e+00,8.900395551514304771e+01
9.380000000000000782e+00,8.911332735369295222e+01
9.390000000000000568e+00,8.922269074533652145e+01
9.400000000000000355e+00,8.933204565007918063e+01
9.410000000000000142e+00,8.944139202815573242e+01
9.419999999999999929e+00,8.955072984002916314e+01
9.429999999999999716e+00,8.966005904638942070e+01
9.439999999999999503e+00,8.976937960815220663e+01
9.450000000000001066e+00,8.987869148645778239e+01
9.460000000000000853e+00,8.998799464266974724e+01
9.470000000000000639e+00,9.009728903837387293e+01
9.480000000000000426e+00,9.020657463537691001e+01
9.490000000000000213e+00,9.031585139570543674e+01
9.500000000000000000e+00,9.042511928160467960e+01
9.509999999999999787e+00,9.053437825553733376e+01
9.519999999999999574e+00,9.064362828018242624e+01
9.529999999999999361e+00,9.075286931843417904e+01
9.540000000000000924e+00,9.086210133340082962e+01
9.550000000000000711e+00,9.097132428840353668e+01
9.560000000000000497e+00,9.108053814697524331e+01
9.570000000000000284e+00,9.118974287285951164e+01
9.580000000000000071e+00,9.129893843000947129e+01
9.589999999999999858e+00,9.140812478258666829e+01
9.599999999999999645e+00,9.151730189495997081e+01
9.609999999999999432e+00,9.162646973170448916e+01
9.620000000000000995e+00,9.173562825760043893e+01
9.630000000000000782e+00,9.184477743763210356e+01
9.640000000000000568e+00,9.195391723698674014e+01
9.650000000000000355e+00,9.206304762105349937e+01
9.660000000000000142e+00,9.217216855542235976e+01
9.669999999999999929e+00,9.228128000588307600e+01
9.679999999999999716e+00,9.239038193842411317e+01
9.689999999999999503e+00,9.249947431923160934e+01
9.700000000000001066e+00,9.260855711468830975e+01
9.710000000000000853e+00,9.271763029137255785e+01
9.720000000000000639e+00,9.282669381605722947e+01
9.730000000000000426e+00,9.293574765570875229e+01
9.740000000000000213e+00,9.304479177748604002e+01
9.750000000000000000e+00,9.315382614873952605e+01
9.759999999999999787e+00,9.326285073701008344e+01
9.769999999999999574e+00,9.337186551002810120e+01
9.779999999999999361e+00,9.348087043571243271e+01
9.790000000000000924e+00,9.358986548216941515e+01
9.800000000000000711e+00,9.369885061769190315e+01
9.810000000000000497e+00,9.380782581075825988e+01
9.820000000000000284e+00,9.391679103003139062e+01
9.830000000000000071e+00,9.402574624435777650e+01
9.839999999999999858e+00,9.413469142276650814e+01
9.849999999999999645e+00,9.424362653446831928e+01
9.859999999999999432e+00,9.435255154885463469e+01
9.870000000000000995e+00,9.446146643549664645e+01
9.880000000000000782e+00,9.457037116414431921e+01
9.890000000000000568e+00,9.467926570472548065e+01
9.900000000000000355e+00,9.478815002734489781e+01
9.910000000000000142e+00,9.489702410228332496e+01
9.919999999999999929e+00,9.500588789999659411e+01
9.929999999999999716e+00,9.511474139111469128e+01
9.939999999999999503e+00,9.522358454644083281e+01
9.950000000000001066e+00,9.533241733695059850e+01
9.960000000000000853e+00,9.544123973379096526e+01
9.970000000000000639e+00,9.555005170827945449e+01
9.980000000000000426e+00,9.565885323190322254e+01
9.990000000000000213e+00,9.576764427631817966e+01
1.000000000000000000e+01,9.587642481334808053e+01
1.000999999999999979e+01,9.598519481498369998e+01
1.001999999999999957e+01,9.609395425338188090e+01
1.002999999999999936e+01,9.620270310086473842e+01
1.004000000000000092e+01,9.631144132991875040e+01
1.005000000000000071e+01,9.642016891319390481e+01
1.006000000000000050e+01,9.652888582350286129e+01
1.007000000000000028e+01,9.663759203382007001e+01
1.008000000000000007e+01,9.674628751728097598e+01
1.008999999999999986e+01,9.685497224718110942e+01
1.009999999999999964e+01,9.696364619697530429e+01
1.010999999999999943e+01,9.707230934027683134e+01
1.012000000000000099e+01,9.718096165085658811e+01
1.013000000000000078e+01,9.728960310264228895e+01
1.014000000000000057e+01,9.739823366971761232e+01
1.015000000000000036e+01,9.750685332632139080e+01
1.016000000000000014e+01,9.761546204684682948e+01
1.016999999999999993e+01,9.772405980584068175e+01
1.017999999999999972e+01,9.783264657800242503e+01
1.018999999999999950e+01,9.794122233818352186e+01
1.020000000000000107e+01,9.804978706138655298e+01
1.021000000000000085e+01,9.815834072276450684e+01
1.022000000000000064e+01,9.826688329761991270e+01
1.023000000000000043e+01,9.837541476140413010e+01
1.024000000000000021e+01,9.848393508971655308e+01
1.025000000000000000e+01,9.859244425830380010e+01
1.025999999999999979e+01,9.870094224305898933e+01
1.026999999999999957e+01,9.880942902002097128e+01
1.027999999999999936e+01,9.891790456537356135e+01
1.029000000000000092e+01,9.902636885544477252e+01
1.030000000000000071e+01,9.913482186670606211e+01
1.031000000000000050e+01,9.924326357577162128e+01
1.032000000000000028e+01,9.935169395939759340e+01
1.033000000000000007e+01,9.946011299448136356e+01
1.033999999999999986e+01,9.956852065806077690e+01
1.034999999999999964e+01,9.967691692731347075e+01
1.035999999999999943e+01,9.978530177955609304e+01
1.037000000000000099e+01,9.989367519224360592e+01
1.038000000000000078e+01,1.000020371429685468e+02
1.039000000000000057e+01,1.001103876094603464e+02
1.040000000000000036e+01,1.002187265695845895e+02
1.041000000000000014e+01,1.003270540013422902e+02
1.041999999999999993e+01,1.004353698828692245e+02
1.042999999999999972e+01,1.005436741924352191e+02
1.043999999999999950e+01,1.006519669084434412e+02
1.045000000000000107e+01,1.007602480094297164e+02
1.046000000000000085e+01,1.008685174740618322e+02
1.047000000000000064e+01,1.009767752811388419e+02
1.048000000000000043e+01,1.010850214095904107e+02
1.049000000000000021e+01,1.011932558384761052e+02
1.050000000000000000e+01,1.013014785469847396e+02
1.050999999999999979e+01,1.014096895144337083e+02
1.051999999999999957e+01,1.015178887202683029e+02
1.052999999999999936e+01,1.016260761440610310e+02
1.054000000000000092e+01,1.017342517655110044e+02
1.055000000000000071e+01,1.018424155644432290e+02
1.056000000000000050e+01,1.019505675208079793e+02
1.057000000000000028e+01,1.020587076146801593e+02
1.058000000000000007e+01,1.021668358262586196e+02
1.058999999999999986e+01,1.022749521358655329e+02
1.059999999999999964e+01,1.023830565239457684e+02
1.060999999999999943e+01,1.024911489710662238e+02
1.062000000000000099e+01,1.025992294579152002e+02
1.063000000000000078e+01,1.027072979653018052e+02
1.064000000000000057e+01,1.028153544741552707e+02
1.065000000000000036e+01,1.029233989655243704e+02
1.066000000000000014e+01,1.030314314205767943e+02
1.066999999999999993e+01,1.031394518205985094e+02
1.067999999999999972e+01,1.032474601469931628e+02
1.068999999999999950e+01,1.033554563812814706e+02
1.070000000000000107e+01,1.034634405051006212e+02
1.071000000000000085e+01,1.035714125002036212e+02
1.072000000000000064e+01,1.036793723484587559e+02
1.073000000000000043e+01,1.037873200318489779e+02
1.074000000000000021e+01,1.038952555324712677e+02
1.075000000000000000e+01,1.040031788325360935e+02
1.075999999999999979e+01,1.041110899143667865e+02
1.076999999999999957e+01,1.042189887603990002e+02
1.077999999999999936e+01,1.043268753531800712e+02
1.079000000000000092e+01,1.044347496753684936e+02
1.080000000000000071e+01,1.045426117097332934e+02
1.081000000000000050e+01,1.046504614391534886e+02
1.082000000000000028e+01,1.047582988466175067e+02
1.083000000000000007e+01,1.048661239152226301e+02
1.083999999999999986e+01,1.049739366281743997e+02
1.084999999999999964e+01,1.050817369687860889e+02
1.085999999999999943e+01,1.051895249204781351e+02
1.087000000000000099e+01,1.052973004667775569e+02
1.088000000000000078e+01,1.054050635913174432e+02
1.089000000000000057e+01,1.055128142778363838e+02
1.090000000000000036e+01,1.056205525101779159e+02
1.091000000000000014e+01,1.057282782722899839e+02
1.091999999999999993e+01,1.058359915482243991e+02
1.092999999999999972e+01,1.059436923221363003e+02
1.093999999999999950e+01,1.060513805782836414e+02
1.095000000000000107e+01,1.061590563010266095e+02
1.096000000000000085e+01,1.062667194748271413e+02
1.097000000000000064e+01,1.063743700842483548e+02
1.098000000000000043e+01,1.064820081139540662e+02
1.099000000000000021e+01,1.065896335487082354e+02
1.100000000000000000e+01,1.066972463733744831e+02
1.100999999999999979e+01,1.068048465729155083e+02
1.101999999999999957e+01,1.069124341323926473e+02
1.102999999999999936e+01,1.070200090369653338e+02
1.104000000000000092e+01,1.071275712718905737e+02
1.105000000000000071e+01,1.072351208225224468e+02
1.106000000000000050e+01,1.073426576743116385e+02
1.107000000000000028e+01,1.074501818128048711e+02
1.108000000000000007e+01,1.075576932236444776e+02
1.108999999999999986e+01,1.076651918925678757e+02
1.109999999999999964e+01,1.077726778054070422e+02
1.110999999999999943e+01,1.078801509480880725e+02
1.112000000000000099e+01,1.079876113066306687e+02
1.113000000000000078e+01,1.080950588671476709e+02
1.114000000000000057e+01,1.082024936158445456e+02
1.115000000000000036e+01,1.083099155390189310e+02
1.116000000000000014e+01,1.084173246230601535e+02
1.116999999999999993e+01,1.085247208544487307e+02
1.117999999999999972e+01,1.086321042197559308e+02
1.118999999999999950e+01,1.087394747056432891e+02
1.120000000000000107e+01,1.088468322988621253e+02
1.121000000000000085e+01,1.089541769862531027e+02
1.122000000000000064e+01,1.090615087547457591e+02
1.123000000000000043e+01,1.091688275913580242e+02
1.124000000000000021e+01,1.092761334831957782e+02
1.125000000000000000e+01,1.093834264174523980e+02
1.125999999999999979e+01,1.094907063814083017e+02
1.126999999999999957e+01,1.095979733624304941e+02
1.127999999999999936e+01,1.097052273479721123e+02
1.129000000000000092e+01,1.098124683255719987e+02
1.130000000000000071e+01,1.099196962828542183e+02
1.131000000000000050e+01,1.100269112075276610e+02
1.132000000000000028e+01,1.101341130873855860e+02
1.133000000000000007e+01,1.102413019103051539e+02
1.133999999999999986e+01,1.103484776642470280e+02
1.134999999999999964e+01,1.104556403372549482e+02
1.135999999999999943e+01,1.105627899174552482e+02
1.137000000000000099e+01,1.106699263930564854e+02
1.138000000000000078e+01,1.107770497523489723e+02
1.139000000000000057e+01,1.108841599837043788e+02
1.140000000000000036e+01,1.109912570755752910e+02
1.141000000000000014e+01,1.110983410164948140e+02
1.141999999999999993e+01,1.112054117950761167e+02
1.142999999999999972e+01,1.113124694000120627e+02
1.143999999999999950e+01,1.114195138200747550e+02
1.145000000000000107e+01,1.115265450441151387e+02
1.146000000000000085e+01,1.116335630610626168e+02
1.147000000000000064e+01,1.117405678599246102e+02
1.148000000000000043e+01,1.118475594297861448e+02
1.149000000000000021e+01,1.119545377598094973e+02
1.150000000000000000e+01,1.120615028392337393e+02
1.150999999999999979e+01,1.121684546573743830e+02
1.151999999999999957e+01,1.122753932036229401e+02
1.152999999999999936e+01,1.123823184674465665e+02
1.154000000000000092e+01,1.124892304383876507e+02
1.155000000000000071e+01,1.125961291060634295e+02
1.156000000000000050e+01,1.127030144601655763e+02
1.157000000000000028e+01,1.128098864904598457e+02
1.158000000000000007e+01,1.129167451867856755e+02
1.158999999999999986e+01,1.130235905390558031e+02
1.159999999999999964e+01,1.131304225372558818e+02
1.160999999999999943e+01,1.132372411714440972e+02
1.162000000000000099e+01,1.133440464317508116e+02
1.163000000000000078e+01,1.134508383083781666e+02
1.164000000000000057e+01,1.135576167915997274e+02
1.165000000000000036e+01,1.136643818717600851e+02
1.166000000000000014e+01,1.137711335392745013e+02
1.166999999999999993e+01,1.138778717846285673e+02
1.167999999999999972e+01,1.139845965983777916e+02
1.168999999999999950e+01,1.140913079711472591e+02
1.170000000000000107e+01,1.141980058936312759e+02
1.171000000000000085e+01,1.143046903565929853e+02
1.172000000000000064e+01,1.144113613508640555e+02
1.173000000000000043e+01,1.145180188673442672e+02
1.174000000000000021e+01,1.146246628970011869e+02
1.175000000000000000e+01,1.147312934308698118e+02
1.175999999999999979e+01,1.148379104600522140e+02
1.176999999999999957e+01,1.149445139757172143e+02
1.177999999999999936e+01,1.150511039690999979e+02
1.179000000000000092e+01,1.151576804315017881e+02
1.180000000000000071e+01,1.152642433542894906e+02
1.181000000000000050e+01,1.153707927288953812e+02
1.182000000000000028e+01,1.154773285468167359e+02
1.183000000000000007e+01,1.155838507996154902e+02
1.183999999999999986e+01,1.156903594789179124e+02
1.184999999999999964e+01,1.157968545764142902e+02
1.185999999999999943e+01,1.159033360838585622e+02
1.187000000000000099e+01,1.160098039930679903e+02
1.188000000000000078e+01,1.161162582959228331e+02
1.189000000000000057e+01,1.162226989843660476e+02
1.190000000000000036e+01,1.163291260504029054e+02
1.191000000000000014e+01,1.164355394861007227e+02
1.191999999999999993e+01,1.165419392835885048e+02
1.192999999999999972e+01,1.166483254350566199e+02
1.193999999999999950e+01,1.167546979327564998e+02
1.195000000000000107e+01,1.168610567690003137e+02
1.196000000000000085e+01,1.169674019361606412e+02
1.197000000000000064e+01,1.170737334266701737e+02
1.198000000000000043e+01,1.171800512330213877e+02
1.199000000000000021e+01,1.172863553477662180e+02
1.200000000000000000e+01,1.173926457635157874e+02
1.200999999999999979e+01,1.174989224729400661e+02
1.201999999999999957e+01,1.176051854687675871e+02
1.203000000000000114e+01,1.177114347437850910e+02
1.204000000000000092e+01,1.178176702908372846e+02
1.205000000000000071e+01,1.179238921028264997e+02
1.206000000000000050e+01,1.180301001727123946e+02
1.207000000000000028e+01,1.181362944935116701e+02
1.208000000000000007e+01,1.182424750582977708e+02
1.208999999999999986e+01,1.183486418602005585e+02
1.209999999999999964e+01,1.184547948924060563e+02
1.210999999999999943e+01,1.185609341481561216e+02
1.212000000000000099e+01,1.186670596207481623e+02
1.213000000000000078e+01,1.187731713035348662e+02
1.214000000000000057e+01,1.188792691899239031e+02
1.215000000000000036e+01,1.189853532733776120e+02
1.216000000000000014e+01,1.190914235474127452e+02
1.216999999999999993e+01,1.191974800056001556e+02
1.217999999999999972e+01,1.193035226415645553e+02
1.218999999999999950e+01,1.194095514489841747e+02
1.220000000000000107e+01,1.195155664215905347e+02
1.221000000000000085e+01,1.196215675531681342e+02
1.222000000000000064e+01,1.197275548375542087e+02
1.223000000000000043e+01,1.198335282686383891e+02
1.224000000000000021e+01,1.199394878403625029e+02
1.225000000000000000e+01,1.200454335467202469e+02
1.225999999999999979e+01,1.201513653817569320e+02
1.226999999999999957e+01,1.202572833395692129e+02
1.228000000000000114e+01,1.203631874143048179e+02
1.229000000000000092e+01,1.204690776001622794e+02
1.230000000000000071e+01,1.205749538913906775e+02
1.231000000000000050e+01,1.206808162822893564e+02
1.232000000000000028e+01,1.207866647672076681e+02
1.233000000000000007e+01,1.208924993405447168e+02
1.233999999999999986e+01,1.209983199967490748e+02
1.234999999999999964e+01,1.211041267303185691e+02
1.235999999999999943e+01,1.212099195357999548e+02
1.237000000000000099e+01,1.213156984077887159e+02
1.238000000000000078e+01,1.214214633409287813e+02
1.239000000000000057e+01,1.215272143299122689e+02
1.240000000000000036e+01,1.216329513694792581e+02
1.241000000000000014e+01,1.217386744544175059e+02
1.241999999999999993e+01,1.218443835795622050e+02
1.242999999999999972e+01,1.219500787397957424e+02
1.243999999999999950e+01,1.220557599300474294e+02
1.245000000000000107e+01,1.221614271452932883e+02
1.246000000000000085e+01,1.222670803805557966e+02
1.247000000000000064e+01,1.223727196309036032e+02
1.248000000000000043e+01,1.224783448914513286e+02
1.249000000000000021e+01,1.225839561573593102e+02
1.250000000000000000e+01,1.226895534238333596e+02
1.250999999999999979e+01,1.227951366861245219e+02
1.251999999999999957e+01,1.229007059395288337e+02
1.253000000000000114e+01,1.230062611793870957e+02
1.254000000000000092e+01,1.231118024010846312e+02
1.255000000000000071e+01,1.232173296000510447e+02
1.256000000000000050e+01,1.233228427717599800e+02
1.257000000000000028e+01,1.234283419117289213e+02
1.258000000000000007e+01,1.235338270155189377e+02
1.258999999999999986e+01,1.236392980787344413e+02
1.259999999999999964e+01,1.237447550970229742e+02
1.260999999999999943e+01,1.238501980660749808e+02
1.262000000000000099e+01,1.239556269816235954e+02
1.263000000000000078e+01,1.240610418394443712e+02
1.264000000000000057e+01,1.241664426353551107e+02
1.265000000000000036e+01,1.242718293652155808e+02
1.266000000000000014e+01,1.243772020249273567e+02
1.266999999999999993e+01,1.244825606104335520e+02
1.267999999999999972e+01,1.245879051177186057e+02
1.268999999999999950e+01,1.246932355428080967e+02
1.270000000000000107e+01,1.247985518817684749e+02
1.271000000000000085e+01,1.249038541307068897e+02
1.272000000000000064e+01,1.250091422857709489e+02
1.273000000000000043e+01,1.251144163431485055e+02
1.274000000000000021e+01,1.252196762990674443e+02
1.275000000000000000e+01,1.253249221497954835e+02
1.275999999999999979e+01,1.254301538916399608e+02
1.276999999999999957e+01,1.255353715209475922e+02
1.278000000000000114e+01,1.256405750341042875e+02
1.279000000000000092e+01,1.257457644275349651e+02
1.280000000000000071e+01,1.258509396977032964e+02
1.281000000000000050e+01,1.259561008411115353e+02
1.282000000000000028e+01,1.260612478543002908e+02
1.283000000000000007e+01,1.261663807338483423e+02
1.283999999999999986e+01,1.262714994763724121e+02
1.284999999999999964e+01,1.263766040785269951e+02
1.285999999999999943e+01,1.264816945370041310e+02
1.287000000000000099e+01,1.265867708485332059e+02
1.288000000000000078e+01,1.266918330098807814e+02
1.289000000000000057e+01,1.267968810178503531e+02
1.290000000000000036e+01,1.269019148692822085e+02
1.291000000000000014e+01,1.270069345610531570e+02
1.291999999999999993e+01,1.271119400900764020e+02
1.292999999999999972e+01,1.272169314533013278e+02
1.293999999999999950e+01,1.273219086477132862e+02
1.295000000000000107e+01,1.274268716703334263e+02
1.296000000000000085e+01,1.275318205182184812e+02
1.297000000000000064e+01,1.276367551884606115e+02
1.298000000000000043e+01,1.277416756781871783e+02
1.299000000000000021e+01,1.278465819845606006e+02
1.300000000000000000e+01,1.279514741047781001e+02
1.300999999999999979e+01,1.280563520360715870e+02
1.301999999999999957e+01,1.281612157757074328e+02
1.303000000000000114e+01,1.282660653209862858e+02
1.304000000000000092e+01,1.283709006692429284e+02
1.305000000000000071e+01,1.284757218178460221e+02
1.306000000000000050e+01,1.285805287641979930e+02
1.307000000000000028e+01,1.286853215057348052e+02
1.308000000000000007e+01,1.287901000399258180e+02
1.308999999999999986e+01,1.288948643642736158e+02
1.309999999999999964e+01,1.289996144763137238e+02
1.310999999999999943e+01,1.291043503736145794e+02
1.312000000000000099e+01,1.292090720537772768e+02
1.313000000000000078e+01,1.293137795144353959e+02
1.314000000000000057e+01,1.294184727532548038e+02
1.315000000000000036e+01,1.295231517679335695e+02
1.316000000000000014e+01,1.296278165562016511e+02
1.316999999999999993e+01,1.297324671158208957e+02
1.317999999999999972e+01,1.298371034445847272e+02
1.318999999999999950e+01,1.299417255403180036e+02
1.320000000000000107e+01,1.300463334008769323e+02
1.321000000000000085e+01,1.301509270241488139e+02
1.322000000000000064e+01,1.302555064080518719e+02
1.323000000000000043e+01,1.303600715505351388e+02
1.324000000000000021e+01,1.304646224495782860e+02
1.325000000000000000e+01,1.305691591031913958e+02
1.325999999999999979e+01,1.306736815094148767e+02
1.326999999999999957e+01,1.307781896663192640e+02
1.328000000000000114e+01,1.308826835720050212e+02
1.329000000000000092e+01,1.309871632246024262e+02
1.330000000000000071e+01,1.310916286222714291e+02
1.331000000000000050e+01,1.311960797632014248e+02
1.332000000000000028e+01,1.313005166456111112e+02
1.333000000000000007e+01,1.314049392677484036e+02
1.333999999999999986e+01,1.315093476278902074e+02
1.334999999999999964e+01,1.316137417243422476e+02
1.335999999999999943e+01,1.317181215554389553e+02
1.337000000000000099e+01,1.318224871195432968e+02
1.338000000000000078e+01,1.319268384150466318e+02
1.339000000000000057e+01,1.320311754403685427e+02
1.340000000000000036e+01,1.321354981939566642e+02
1.341000000000000014e+01,1.322398066742865694e+02
1.341999999999999993e+01,1.323441008798616281e+02
1.342999999999999972e+01,1.324483808092127788e+02
1.343999999999999950e+01,1.325526464608984725e+02
1.345000000000000107e+01,1.326568978335044449e+02
1.346000000000000085e+01,1.327611349256436313e+02
1.347000000000000064e+01,1.328653577359559961e+02
1.348000000000000043e+01,1.329695662631083337e+02
1.349000000000000021e+01,1.330737605057942403e+02
1.350000000000000000e+01,1.331779404627338295e+02
1.350999999999999979e+01,1.332821061326737038e+02
1.351999999999999957e+01,1.333862575143867275e+02
1.353000000000000114e+01,1.334903946066719698e+02
1.354000000000000092e+01,1.335945174083544487e+02
1.355000000000000071e+01,1.336986259182850745e+02
1.356000000000000050e+01,1.338027201353405076e+02
1.357000000000000028e+01,1.339068000584229878e+02
1.358000000000000007e+01,1.340108656864601642e+02
1.358999999999999986e+01,1.341149170184050377e+02
1.359999999999999964e+01,1.342189540532357626e+02
1.360999999999999943e+01,1.343229767899555327e+02
1.362000000000000099e+01,1.344269852275924393e+02
1.363000000000000078e+01,1.345309793651993004e+02
1.364000000000000057e+01,1.346349592018536043e+02
1.365000000000000036e+01,1.347389247366573102e+02
1.366000000000000014e+01,1.348428759687367062e+02
1.366999999999999993e+01,1.349468128972423528e+02
1.367999999999999972e+01,1.350507355213488552e+02
1.368999999999999950e+01,1.351546438402547778e+02
1.370000000000000107e+01,1.352585378531825597e+02
1.371000000000000085e+01,1.353624175593782581e+02
1.372000000000000064e+01,1.354662829581115489e+02
1.373000000000000043e+01,1.355701340486755271e+02
1.374000000000000021e+01,1.356739708303865939e+02
1.375000000000000000e+01,1.357777933025843140e+02
1.375999999999999979e+01,1.358816014646313306e+02
1.376999999999999957e+01,1.359853953159131663e+02
1.378000000000000114e+01,1.360891748558381664e+02
1.379000000000000092e+01,1.361929400838373567e+02
1.380000000000000071e+01,1.362966909993643014e+02
1.381000000000000050e+01,1.364004276018949895e+02
1.382000000000000028e+01,1.365041498909276925e+02
1.383000000000000007e+01,1.366078578659828509e+02
1.383999999999999986e+01,1.367115515266029888e+02
1.384999999999999964e+01,1.368152308723525437e+02
1.385999999999999943e+01,1.369188959028177521e+02
1.387000000000000099e+01,1.370225466176065368e+02
1.388000000000000078e+01,1.371261830163484206e+02
1.389000000000000057e+01,1.372298050986943565e+02
1.390000000000000036e+01,1.373334128643166139e+02
1.391000000000000014e+01,1.374370063129086645e+02
1.391999999999999993e+01,1.375405854441851261e+02
1.392999999999999972e+01,1.376441502578815346e+02
1.393999999999999950e+01,1.377477007537543443e+02
1.395000000000000107e+01,1.378512369315807007e+02
1.396000000000000085e+01,1.379547587911584117e+02
1.397000000000000064e+01,1.380582663323058057e+02
1.398000000000000043e+01,1.381617595548615611e+02
1.399000000000000021e+01,1.382652384586847063e+02
1.400000000000000000e+01,1.383687030436544205e+02
1.400999999999999979e+01,1.384721533096699204e+02
1.401999999999999957e+01,1.385755892566504031e+02
1.403000000000000114e+01,1.386790108845349039e+02
1.404000000000000092e+01,1.387824181932821830e+02
1.405000000000000071e+01,1.388858111828706114e+02
1.406000000000000050e+01,1.389891898532980576e+02
1.407000000000000028e+01,1.390925542045818304e+02
1.408000000000000007e+01,1.391959042367584800e+02
1.408999999999999986e+01,1.392992399498837983e+02
1.409999999999999964e+01,1.394025613440325913e+02
1.410999999999999943e+01,1.395058684192986505e+02
1.412000000000000099e+01,1.396091611757946680e+02
1.413000000000000078e+01,1.397124396136520659e+02
1.414000000000000057e+01,1.398157037330209107e+02
1.415000000000000036e+01,1.399189535340698285e+02
1.416000000000000014e+01,1.400221890169858909e+02
1.416999999999999993e+01,1.401254101819745017e+02
1.417999999999999972e+01,1.402286170292593113e+02
1.418999999999999950e+01,1.403318095590821031e+02
1.420000000000000107e+01,1.404349877717026800e+02
1.421000000000000085e+01,1.405381516673987790e+02
1.422000000000000064e+01,1.406413012464659573e+02
1.423000000000000043e+01,1.407444365092175360e+02
1.424000000000000021e+01,1.408475574559844574e+02
1.425000000000000000e+01,1.409506640871151717e+02
1.425999999999999979e+01,1.410537564029755799e+02
1.426999999999999957e+01,1.411568344039488920e+02
1.428000000000000114e+01,1.412598980904355699e+02
1.429000000000000092e+01,1.413629474628532137e+02
1.430000000000000071e+01,1.414659825216364766e+02
1.431000000000000050e+01,1.415690032672369227e+02
1.432000000000000028e+01,1.416720097001229703e+02
1.433000000000000007e+01,1.417750018207798348e+02
1.433999999999999986e+01,1.418779796297093299e+02
1.434999999999999964e+01,1.419809431274298674e+02
1.435999999999999943e+01,1.420838923144763157e+02
1.437000000000000099e+01,1.421868271913999138e+02
1.438000000000000078e+01,1.422897477587682147e+02
1.439000000000000057e+01,1.423926540171649151e+02
1.440000000000000036e+01,1.424955459671898552e+02
1.441000000000000014e+01,1.425984236094588482e+02
1.441999999999999993e+01,1.427012869446036518e+02
1.442999999999999972e+01,1.428041359732717979e+02
1.443999999999999950e+01,1.429069706961265922e+02
1.445000000000000107e+01,1.430097911138469726e+02
1.446000000000000085e+01,1.431125972271274520e+02
1.447000000000000064e+01,1.432153890366779763e+02
1.448000000000000043e+01,1.433181665432238958e+02
1.449000000000000021e+01,1.434209297475058520e+02
1.450000000000000000e+01,1.435236786502796633e+02
1.450999999999999979e+01,1.436264132523162687e+02
1.451999999999999957e+01,1.437291335544016704e+02
1.453000000000000114e+01,1.438318395573367638e+02
1.454000000000000092e+01,1.439345312619373090e+02
1.455000000000000071e+01,1.440372086690338733e+02
1.456000000000000050e+01,1.441398717794716902e+02
1.457000000000000028e+01,1.442425205941105730e+02
1.458000000000000007e+01,1.443451551138248874e+02
1.458999999999999986e+01,1.444477753395034370e+02
1.459999999999999964e+01,1.445503812720493215e+02
1.460999999999999943e+01,1.446529729123799655e+02
1.462000000000000099e+01,1.447555502614269756e+02
1.463000000000000078e+01,1.448581133201360274e+02
1.464000000000000057e+01,1.449606620894668367e+02
1.465000000000000036e+01,1.450631965703930462e+02
1.466000000000000014e+01,1.451657167639021964e+02
1.466999999999999993e+01,1.452682226709956126e+02
1.467999999999999972e+01,1.453707142926882625e+02
1.468999999999999950e+01,1.454731916300087846e+02
1.470000000000000107e+01,1.455756546839993462e+02
1.471000000000000085e+01,1.456781034557155579e+02
1.472000000000000064e+01,1.457805379462264455e+02
1.473000000000000043e+01,1.458829581566143361e+02
1.474000000000000021e+01,1.459853640879748014e+02
1.475000000000000000e+01,1.460877557414165153e+02
1.475999999999999979e+01,1.461901331180612829e+02
1.476999999999999957e+01,1.462924962190438976e+02
1.478000000000000114e+01,1.463948450455120565e+02
1.479000000000000092e+01,1.464971795986263317e+02
1.480000000000000071e+01,1.465994998795600281e+02
1.481000000000000050e+01,1.467018058894992123e+02
1.482000000000000028e+01,1.468040976296425413e+02
1.483000000000000007e+01,1.469063751012012062e+02
1.483999999999999986e+01,1.470086383053989039e+02
1.484999999999999964e+01,1.471108872434717512e+02
1.485999999999999943e+01,1.472131219166681433e+02
1.487000000000000099e+01,1.473153423262487820e+02
1.488000000000000078e+01,1.474175484734865336e+02
1.489000000000000057e+01,1.475197403596664003e+02
1.490000000000000036e+01,1.476219179860854069e+02
1.491000000000000014e+01,1.477240813540525721e+02
1.491999999999999993e+01,1.478262304648887948e+02
1.492999999999999972e+01,1.479283653199268542e+02
1.493999999999999950e+01,1.480304859205112109e+02
1.495000000000000107e+01,1.481325922679980920e+02
1.496000000000000085e+01,1.482346843637553206e+02
1.497000000000000064e+01,1.483367622091622877e+02
1.498000000000000043e+01,1.484388258056098664e+02
1.499000000000000021e+01,1.485408751545003554e+02
1.500000000000000000e+01,1.486429102572473653e+02
1.500999999999999979e+01,1.487449311152758469e+02
1.501999999999999957e+01,1.488469377300219207e+02
1.503000000000000114e+01,1.489489301008287043e+02
1.504000000000000092e+01,1.490509082249577091e+02
1.505000000000000071e+01,1.491528720976003228e+02
1.506000000000000050e+01,1.492548217118892353e+02
1.507000000000000028e+01,1.493567570589096647e+02
1.508000000000000007e+01,1.494586781277106979e+02
1.508999999999999986e+01,1.495605849053164889e+02
1.509999999999999964e+01,1.496624773767373711e+02
1.510999999999999943e+01,1.497643555249809424e+02
1.512000000000000099e+01,1.498662193310630926e+02
1.513000000000000078e+01,1.499680687740189740e+02
1.514000000000000057e+01,1.500699038309139155e+02
1.515000000000000036e+01,1.501718220900026211e+02
1.516000000000000014e+01,1.502738240005767238e+02
1.516999999999999993e+01,1.503759100062844141e+02
1.517999999999999972e+01,1.504780805451705135e+02
1.518999999999999950e+01,1.505803360497163226e+02
1.520000000000000107e+01,1.506826769468795817e+02
1.521000000000000085e+01,1.507851036581340338e+02
1.522000000000000064e+01,1.508876165995090730e+02
1.523000000000000043e+01,1.509902161816291652e+02
1.524000000000000021e+01,1.510929028097531557e+02
1.525000000000000000e+01,1.511956768838133769e+02
1.525999999999999979e+01,1.512985387984547572e+02
1.526999999999999957e+01,1.514014889430736730e+02
1.528000000000000114e+01,1.515045277018566594e+02
1.529000000000000092e+01,1.516076554538189782e+02
1.530000000000000071e+01,1.517108725728430443e+02
1.531000000000000050e+01,1.518141794277167094e+02
1.532000000000000028e+01,1.519175763821713474e+02
1.533000000000000007e+01,1.520210637949197690e+02
1.533999999999999986e+01,1.521246420196940221e+02
1.534999999999999964e+01,1.522283114052829376e+02
1.535999999999999943e+01,1.523320722955696169e+02
1.537000000000000099e+01,1.524359250295685797e+02
1.538000000000000078e+01,1.525398699414629675e+02
1.539000000000000057e+01,1.526439073606412933e+02
1.540000000000000036e+01,1.527480376117342189e+02
1.541000000000000014e+01,1.528522610146511056e+02
1.541999999999999993e+01,1.529565778846162800e+02
1.542999999999999972e+01,1.530609885322052151e+02
1.543999999999999950e+01,1.531654932633804549e+02
1.545000000000000107e+01,1.532700923795274548e+02
1.546000000000000085e+01,1.533747861774900230e+02
1.547000000000000064e+01,1.534795749496058193e+02
1.548000000000000043e+01,1.535844589837414844e+02
1.549000000000000021e+01,1.536894385633275704e+02
1.550000000000000000e+01,1.537945139673934136e+02
1.550999999999999979e+01,1.538996854706016393e+02
1.551999999999999957e+01,1.540049533432825797e+02
1.553000000000000114e+01,1.541103178514684089e+02
1.554000000000000092e+01,1.542157792569271635e+02
1.555000000000000071e+01,1.543213378171964791e+02
1.556000000000000050e+01,1.544269937856171282e+02
1.557000000000000028e+01,1.545327474113664152e+02
1.558000000000000007e+01,1.546385989394913167e+02
1.558999999999999986e+01,1.547445486109413935e+02
1.559999999999999964e+01,1.548505966626015038e+02
1.561000000000000121e+01,1.549567433273243751e+02
1.562000000000000099e+01,1.550629888339628906e+02
1.563000000000000078e+01,1.551693334074022061e+02
1.564000000000000057e+01,1.552757772685915540e+02
1.565000000000000036e+01,1.553823206345760468e+02
1.566000000000000014e+01,1.554889637185280549e+02
1.566999999999999993e+01,1.555957067297784704e+02
1.567999999999999972e+01,1.557025498738478291e+02
1.568999999999999950e+01,1.558094933524770340e+02
1.570000000000000107e+01,1.559165373636580512e+02
1.571000000000000085e+01,1.560236821016642637e+02
1.572000000000000064e+01,1.561309277570807126e+02
1.573000000000000043e+01,1.562382745168340534e+02
1.574000000000000021e+01,1.563457225642223989e+02
1.575000000000000000e+01,1.564532720789447353e+02
1.575999999999999979e+01,1.565609232371304245e+02
1.576999999999999957e+01,1.566686762113682789e+02
1.578000000000000114e+01,1.567765311707354670e+02
1.579000000000000092e+01,1.568844882808262753e+02
1.580000000000000071e+01,1.569925477037805877e+02
1.581000000000000050e+01,1.571007095983121928e+02
1.582000000000000028e+01,1.572089741197368937e+02
1.583000000000000007e+01,1.573173414200003606e+02
1.583999999999999986e+01,1.574258116477058138e+02
1.584999999999999964e+01,1.575343849481414793e+02
1.586000000000000121e+01,1.576430614633078733e+02
1.587000000000000099e+01,1.577518413319448314e+02
1.588000000000000078e+01,1.578607246895583387e+02
1.589000000000000057e+01,1.579697116684471894e+02
1.590000000000000036e+01,1.580788023977294188e+02
1.591000000000000014e+01,1.581879970033685368e+02
1.591999999999999993e+01,1.582972956081995619e+02
1.592999999999999972e+01,1.584066983319547717e+02
1.593999999999999950e+01,1.585162052912894524e+02
1.595000000000000107e+01,1.586258165998071945e+02
1.596000000000000085e+01,1.587355323680851882e+02
1.597000000000000064e+01,1.588453527036992341e+02
1.598000000000000043e+01,1.589552777112485273e+02
1.599000000000000021e+01,1.590653074923802990e+02
1.600000000000000000e+01,1.591754421458142588e+02
1.601000000000000156e+01,1.592856817673668388e+02
1.601999999999999957e+01,1.593960264499751531e+02
1.603000000000000114e+01,1.595064762837209003e+02
1.603999999999999915e+01,1.596170313558540101e+02
1.605000000000000071e+01,1.597276917508160921e+02
1.605999999999999872e+01,1.598384575502636551e+02
1.607000000000000028e+01,1.599493288330912435e+02
1.608000000000000185e+01,1.600603056754542308e+02
1.608999999999999986e+01,1.601713881507916426e+02
1.610000000000000142e+01,1.602825763298485526e+02
1.610999999999999943e+01,1.603938702806984224e+02
1.612000000000000099e+01,1.605052700687652703e+02
1.612999999999999901e+01,1.606167757568456125e+02
1.614000000000000057e+01,1.607283874051301780e+02
1.614999999999999858e+01,1.608401050712255369e+02
1.616000000000000014e+01,1.609519288101755308e+02
1.617000000000000171e+01,1.610638586744823897e+02
1.617999999999999972e+01,1.611758947141279066e+02
1.619000000000000128e+01,1.612880369765942135e+02
1.619999999999999929e+01,1.614002855068844724e+02
1.621000000000000085e+01,1.615126403475434245e+02
1.621999999999999886e+01,1.616251015386777112e+02
1.623000000000000043e+01,1.617376691179759689e+02
1.624000000000000199e+01,1.618503431207289509e+02
1.625000000000000000e+01,1.619631235798492526e+02
1.626000000000000156e+01,1.620760105258909505e+02
1.626999999999999957e+01,1.621890039870691282e+02
1.628000000000000114e+01,1.623021039892791748e+02
1.628999999999999915e+01,1.624153105561159123e+02
1.630000000000000071e+01,1.625286237088925816e+02
1.630999999999999872e+01,1.626420434666596577e+02
1.632000000000000028e+01,1.627555698462234659e+02
1.633000000000000185e+01,1.628692028621647410e+02
1.633999999999999986e+01,1.629829425268569025e+02
1.635000000000000142e+01,1.630967888504841881e+02
1.635999999999999943e+01,1.632107418410597006e+02
1.637000000000000099e+01,1.633248015044432861e+02
1.637999999999999901e+01,1.634389678443591265e+02
1.639000000000000057e+01,1.635532408624134177e+02
1.639999999999999858e+01,1.636676205581115937e+02
1.641000000000000014e+01,1.637821069288756632e+02
1.642000000000000171e+01,1.638966999700612348e+02
1.642999999999999972e+01,1.640113996749744842e+02
1.644000000000000128e+01,1.641262060348888667e+02
1.644999999999999929e+01,1.642411190390617719e+02
1.646000000000000085e+01,1.643561386747510369e+02
1.646999999999999886e+01,1.644712649272312035e+02
1.648000000000000043e+01,1.645864977798097470e+02
1.649000000000000199e+01,1.647018372138431346e+02
1.650000000000000000e+01,1.648172832087526558e+02
1.651000000000000156e+01,1.649328357420402824e+02
1.651999999999999957e+01,1.650484947893041578e+02
1.653000000000000114e+01,1.651642603242541725e+02
1.653999999999999915e+01,1.652801323187272544e+02
1.655000000000000071e+01,1.653961107427025752e+02
1.655999999999999872e+01,1.655121955643165848e+02
1.657000000000000028e+01,1.656283867498779614e+02
1.658000000000000185e+01,1.657446842638824478e+02
1.658999999999999986e+01,1.658610880690274030e+02
1.660000000000000142e+01,1.659775981262263826e+02
1.660999999999999943e+01,1.660942143946236058e+02
1.662000000000000099e+01,1.662109368316080520e+02
1.662999999999999901e+01,1.663277653928277857e+02
1.664000000000000057e+01,1.664447000322037979e+02
1.664999999999999858e+01,1.665617407019439895e+02
1.666000000000000014e+01,1.666788873525568988e+02
1.667000000000000171e+01,1.667961399328652874e+02
1.667999999999999972e+01,1.669134983900197255e+02
1.669000000000000128e+01,1.670309626695118936e+02
1.669999999999999929e+01,1.671485327151879119e+02
1.671000000000000085e+01,1.672662084692614144e+02
1.671999999999999886e+01,1.673839898723266231e+02
1.673000000000000043e+01,1.675018768633712227e+02
1.674000000000000199e+01,1.676198693797891224e+02
1.675000000000000000e+01,1.677379673573931882e+02
1.676000000000000156e+01,1.678561707304277206e+02
1.676999999999999957e+01,1.679744794315809600e+02
1.678000000000000114e+01,1.680928933919973645e+02
1.678999999999999915e+01,1.682114125412898034e+02
1.680000000000000071e+01,1.683300368075516928e+02
1.680999999999999872e+01,1.684487661173689617e+02
1.682000000000000028e+01,1.685676003958319598e+02
1.683000000000000185e+01,1.686865395665471965e+02
1.683999999999999986e+01,1.688055835516489935e+02
1.685000000000000142e+01,1.689247322718110809e+02
1.685999999999999943e+01,1.690439856462579939e+02
1.687000000000000099e+01,1.691633435927764424e+02
1.687999999999999901e+01,1.692828060277265649e+02
1.689000000000000057e+01,1.694023728660530139e+02
1.689999999999999858e+01,1.695220440212960114e+02
1.691000000000000014e+01,1.696418194056023196e+02
1.692000000000000171e+01,1.697616989297360135e+02
1.692999999999999972e+01,1.698816825030892517e+02
1.694000000000000128e+01,1.700017700336928783e+02
1.694999999999999929e+01,1.701219614282269674e+02
1.696000000000000085e+01,1.702422565920312536e+02
1.696999999999999886e+01,1.703626554291155060e+02
1.698000000000000043e+01,1.704831578421697316e+02
1.699000000000000199e+01,1.706037637325743503e+02
1.700000000000000000e+01,1.707244730004102280e+02
1.701000000000000156e+01,1.708452855444686520e+02
1.701999999999999957e+01,1.709662012622612224e+02
1.703000000000000114e+01,1.710872200500296287e+02
1.703999999999999915e+01,1.712083418027553137e+02
1.705000000000000071e+01,1.713295664141691077e+02
1.705999999999999872e+01,1.714508937767606938e+02
1.707000000000000028e+01,1.715723237817880715e+02
1.708000000000000185e+01,1.716938563192869083e+02
1.708999999999999986e+01,1.718154912780797474e+02
1.710000000000000142e+01,1.719372285457852172e+02
1.710999999999999943e+01,1.720590680088270688e+02
1.712000000000000099e+01,1.721810095524432143e+02
1.712999999999999901e+01,1.723030530606945945e+02
1.714000000000000057e+01,1.724251984164740463e+02
1.715000000000000213e+01,1.725474455015150568e+02
1.716000000000000014e+01,1.726697941964004315e+02
1.717000000000000171e+01,1.727922443805708212e+02
1.717999999999999972e+01,1.729147959323333339e+02
1.719000000000000128e+01,1.730374487288698901e+02
1.719999999999999929e+01,1.731602026462455797e+02
1.721000000000000085e+01,1.732830575594169602e+02
1.721999999999999886e+01,1.734060133422402998e+02
1.723000000000000043e+01,1.735290698674795919e+02
1.724000000000000199e+01,1.736522270068146838e+02
1.725000000000000000e+01,1.737754846308492347e+02
1.726000000000000156e+01,1.738988426091185886e+02
1.726999999999999957e+01,1.740223008100976472e+02
1.728000000000000114e+01,1.741458591012086004e+02
1.728999999999999915e+01,1.742695173488285718e+02
1.730000000000000071e+01,1.743932754182972644e+02
1.730999999999999872e+01,1.745171331739245488e+02
1.732000000000000028e+01,1.746410904789978247e+02
1.733000000000000185e+01,1.747651471957895239e+02
1.733999999999999986e+01,1.748893031855644153e+02
1.735000000000000142e+01,1.750135583085868234e+02
1.735999999999999943e+01,1.751379124241278475e+02
1.737000000000000099e+01,1.752623653904725529e+02
1.737999999999999901e+01,1.753869170649269904e+02
1.739000000000000057e+01,1.755115673038251600e+02
1.740000000000000213e+01,1.756363159625360026e+02
1.741000000000000014e+01,1.757611628954702496e+02
1.742000000000000171e+01,1.758861079560872440e+02
1.742999999999999972e+01,1.760111509969016765e+02
1.744000000000000128e+01,1.761362918694902362e+02
1.744999999999999929e+01,1.762615304244982610e+02
1.746000000000000085e+01,1.763868665116463603e+02
1.746999999999999886e+01,1.765122999797367527e+02
1.748000000000000043e+01,1.766378306766598882e+02
1.749000000000000199e+01,1.767634584494007015e+02
1.750000000000000000e+01,1.768891831440449494e+02
1.751000000000000156e+01,1.770150046057855207e+02
1.751999999999999957e+01,1.771409226789286322e+02
1.753000000000000114e+01,1.772669372068999394e+02
1.753999999999999915e+01,1.773930480322506185e+02
1.755000000000000071e+01,1.775192549966634488e+02
1.755999999999999872e+01,1.776455579409587529e+02
1.757000000000000028e+01,1.777719567051003651e+02
1.758000000000000185e+01,1.778984511282014012e+02
1.758999999999999986e+01,1.780250410485301984e+02
1.760000000000000142e+01,1.781517263035159999e+02
1.760999999999999943e+01,1.782785067297546391e+02
1.762000000000000099e+01,1.784053821630142522e+02
1.762999999999999901e+01,1.785323524382408493e+02
1.764000000000000057e+01,1.786594173895638846e+02
1.765000000000000213e+01,1.787865768503017136e+02
1.766000000000000014e+01,1.789138306529670785e+02
1.767000000000000171e+01,1.790411786292725083e+02
1.767999999999999972e+01,1.791686206101356618e+02
1.769000000000000128e+01,1.792961564256845861e+02
1.769999999999999929e+01,1.794237859052630029e+02
1.771000000000000085e+01,1.795515088774355092e+02
1.771999999999999886e+01,1.796793251699927225e+02
1.773000000000000043e+01,1.798072346099563958e+02
1.774000000000000199e+01,1.799352370235844489e+02
1.775000000000000000e+01,1.800633322363759987e+02
1.776000000000000156e+01,1.801915200730763331e+02
1.776999999999999957e+01,1.803198003576818280e+02
1.778000000000000114e+01,1.804481729134448074e+02
1.778999999999999915e+01,1.805766375628783749e+02
1.780000000000000071e+01,1.807051941277612173e+02
1.780999999999999872e+01,1.808338424291423223e+02
1.782000000000000028e+01,1.809625822873456400e+02
1.783000000000000185e+01,1.810914135219748573e+02
1.783999999999999986e+01,1.812203359519178889e+02
1.785000000000000142e+01,1.813493493953514815e+02
1.785999999999999943e+01,1.814784536697457327e+02
1.787000000000000099e+01,1.816076485918686387e+02
1.787999999999999901e+01,1.817369339777904429e+02
1.789000000000000057e+01,1.818663096428880692e+02
1.790000000000000213e+01,1.819957754018495280e+02
1.791000000000000014e+01,1.821253310686782072e+02
1.792000000000000171e+01,1.822549764566971078e+02
1.792999999999999972e+01,1.823847113785531349e+02
1.794000000000000128e+01,1.825145356462213329e+02
1.794999999999999929e+01,1.826444490710089497e+02
1.796000000000000085e+01,1.827744514635596715e+02
1.796999999999999886e+01,1.829045426338576306e+02
1.798000000000000043e+01,1.830347223912314973e+02
1.799000000000000199e+01,1.831649905443584601e+02
1.800000000000000000e+01,1.832953469012682035e+02
1.801000000000000156e+01,1.834257912693469166e+02
1.801999999999999957e+01,1.835563234553411007e+02
1.803000000000000114e+01,1.836869432653614922e+02
1.803999999999999915e+01,1.838176505048868421e+02
1.805000000000000071e+01,1.839484449787677818e+02
1.805999999999999872e+01,1.840793264912305460e+02
1.807000000000000028e+01,1.842102948458806679e+02
1.808000000000000185e+01,1.843413498457067305e+02
1.808999999999999986e+01,1.844724912930839764e+02
1.810000000000000142e+01,1.846037189897779740e+02
1.810999999999999943e+01,1.847350327369481704e+02
1.812000000000000099e+01,1.848664323351514156e+02
1.812999999999999901e+01,1.849979175843456005e+02
1.814000000000000057e+01,1.851294882838930391e+02
1.815000000000000213e+01,1.852611442325639928e+02
1.816000000000000014e+01,1.853928852285400524e+02
1.817000000000000171e+01,1.855247110694175490e+02
1.817999999999999972e+01,1.856566215522109076e+02
1.819000000000000128e+01,1.857886164733560577e+02
1.819999999999999929e+01,1.859206956287136165e+02
1.821000000000000085e+01,1.860528588135722430e+02
1.821999999999999886e+01,1.861851058226518205e+02
1.823000000000000043e+01,1.863174364501067544e+02
1.824000000000000199e+01,1.864498504895290409e+02
1.825000000000000000e+01,1.865823477339515364e+02
1.826000000000000156e+01,1.867149279758509977e+02
1.826999999999999957e+01,1.868475910071511805e+02
1.828000000000000114e+01,1.869803366192259659e+02
1.828999999999999915e+01,1.871131646029023159e+02
1.830000000000000071e+01,1.872460747484633714e+02
1.830999999999999872e+01,1.873790668456513515e+02
1.832000000000000028e+01,1.875121406836705376e+02
1.833000000000000185e+01,1.876452960511902290e+02
1.833999999999999986e+01,1.877785327363476142e+02
1.835000000000000142e+01,1.879118505267506407e+02
1.835999999999999943e+01,1.880452492094808861e+02
1.837000000000000099e+01,1.881787285710963147e+02
1.837999999999999901e+01,1.883122883976341200e+02
1.839000000000000057e+01,1.884459284746135097e+02
1.840000000000000213e+01,1.885796485870384060e+02
1.841000000000000014e+01,1.887134485194001741e+02
1.842000000000000171e+01,1.888473280556802933e+02
1.842999999999999972e+01,1.889812869793530865e+02
1.844000000000000128e+01,1.891153250733883056e+02
1.844999999999999929e+01,1.892494421202537467e+02
1.846000000000000085e+01,1.893836379019178366e+02
1.846999999999999886e+01,1.895179121998522760e+02
1.848000000000000043e+01,1.896522647950344549e+02
1.849000000000000199e+01,1.897866954679500680e+02
1.850000000000000000e+01,1.899212039985955869e+02
1.851000000000000156e+01,1.900557901664807332e+02
1.851999999999999957e+01,1.901904537506309225e+02
1.853000000000000114e+01,1.903251945295896803e+02
1.853999999999999915e+01,1.904600122814210579e+02
1.855000000000000071e+01,1.905949067837120481e+02
1.855999999999999872e+01,1.907298778135748591e+02
1.857000000000000028e+01,1.908649251476493305e+02
1.858000000000000185e+01,1.910000485621052064e+02
1.858999999999999986e+01,1.911352478326444384e+02
1.860000000000000142e+01,1.912705227345034871e+02
1.860999999999999943e+01,1.914058730424555108e+02
1.862000000000000099e+01,1.915412985308126110e+02
1.862999999999999901e+01,1.916767989734281343e+02
1.864000000000000057e+01,1.918123741436986904e+02
1.865000000000000213e+01,1.919480238145664543e+02
1.866000000000000014e+01,1.920837477585212696e+02
1.867000000000000171e+01,1.922195457476027514e+02
1.867999999999999972e+01,1.923554175534024466e+02
1.869000000000000128e+01,1.924913629470658236e+02
1.869999999999999929e+01,1.926273816992944603e+02
1.871000000000000085e+01,1.927634735803479771e+02
1.871999999999999886e+01,1.928996383600461400e+02
1.873000000000000043e+01,1.930358758077708217e+02
1.874000000000000199e+01,1.931721856924680196e+02
1.875000000000000000e+01,1.933085677826498170e+02
1.876000000000000156e+01,1.934450218463963438e+02
1.876999999999999957e+01,1.935815476513576243e+02
1.878000000000000114e+01,1.937181449647556519e+02
1.878999999999999915e+01,1.938548135533861227e+02
1.880000000000000071e+01,1.939915531836203968e+02
1.880999999999999872e+01,1.941283636214073454e+02
1.882000000000000028e+01,1.942652446322751700e+02
1.883000000000000185e+01,1.944021959813332501e+02
1.883999999999999986e+01,1.945392174332739330e+02
1.885000000000000142e+01,1.946763087523743252e+02
1.885999999999999943e+01,1.948134697024980824e+02
1.887000000000000099e+01,1.949507000470970866e+02
1.887999999999999901e+01,1.950879995492132934e+02
1.889000000000000057e+01,1.952253679714803809e+02
1.890000000000000213e+01,1.953628050761254542e+02
1.891000000000000014e+01,1.955003106249707514e+02
1.892000000000000171e+01,1.956378843794353202e+02
1.892999999999999972e+01,1.957755261005366094e+02
1.894000000000000128e+01,1.959132355488922030e+02
1.894999999999999929e+01,1.960510124847213547e+02
1.896000000000000085e+01,1.961888566678466077e+02
1.896999999999999886e+01,1.963267678576954722e+02
1.898000000000000043e+01,1.964647458133018461e+02
1.899000000000000199e+01,1.966027902933077200e+02
1.900000000000000000e+01,1.967409010559645992e+02
1.901000000000000156e+01,1.968790778591351227e+02
1.901999999999999957e+01,1.970173204602945418e+02
1.903000000000000114e+01,1.971556286165321694e+02
1.903999999999999915e+01,1.972940020845529432e+02
1.905000000000000071e+01,1.974324406206788183e+02
1.905999999999999872e+01,1.975709439808503021e+02
1.907000000000000028e+01,1.977095119206277900e+02
1.908000000000000185e+01,1.978481441951930435e+02
1.908999999999999986e+01,1.979868405593506395e+02
1.910000000000000142e+01,1.981256007675292778e+02
1.910999999999999943e+01,1.982644245737832307e+02
1.912000000000000099e+01,1.984033117317936501e+02
1.912999999999999901e+01,1.985422619948699889e+02
1.914000000000000057e+01,1.986812751159512800e+02
1.915000000000000213e+01,1.988203508476075001e+02
1.916000000000000014e+01,1.989594889420408208e+02
1.917000000000000171e+01,1.990986891510869725e+02
1.917999999999999972e+01,1.992379512262165235e+02
1.919000000000000128e+01,1.993772749185361022e+02
1.919999999999999929e+01,1.995166599787897042e+02
1.921000000000000085e+01,1.996561061573598863e+02
1.921999999999999886e+01,1.997956132042690456e+02
1.923000000000000043e+01,1.999351808691805843e+02
1.924000000000000199e+01,2.000748089014002176e+02
1.925000000000000000e+01,2.002144970498770533e+02
1.926000000000000156e+01,2.003542450632048144e+02
1.926999999999999957e+01,2.004940526896230324e+02
1.928000000000000114e+01,2.006339196770181559e+02
1.928999999999999915e+01,2.007738457729247159e+02
1.930000000000000071e+01,2.009138307245264912e+02
1.930999999999999872e+01,2.010538742786575597e+02
1.932000000000000028e+01,2.011939761818034356e+02
1.933000000000000185e+01,2.013341361801022060e+02
1.933999999999999986e+01,2.014743540193455544e+02
1.935000000000000142e+01,2.016146294449798404e+02
1.935999999999999943e+01,2.017549622021071798e+02
1.937000000000000099e+01,2.018953520354864679e+02
1.937999999999999901e+01,2.020357986895344595e+02
1.939000000000000057e+01,2.021763019083267352e+02
1.940000000000000213e+01,2.023168614355987813e+02
1.941000000000000014e+01,2.024574770147468996e+02
1.942000000000000171e+01,2.025981483888292871e+02
1.942999999999999972e+01,2.027388753005670026e+02
1.944000000000000128e+01,2.028796574923448475e+02
1.944999999999999929e+01,2.030204947062124461e+02
1.946000000000000085e+01,2.031613866838851266e+02
1.946999999999999886e+01,2.033023331667448588e+02
1.948000000000000043e+01,2.034433338958411639e+02
1.949000000000000199e+01,2.035843886118920523e+02
1.950000000000000000e+01,2.037254970552849613e+02
1.951000000000000156e+01,2.038666589660775799e+02
1.951999999999999957e+01,2.040078740839987859e+02
1.953000000000000114e+01,2.041491421484494992e+02
1.953999999999999915e+01,2.042904628985035060e+02
1.955000000000000071e+01,2.044318360729083679e+02
1.955999999999999872e+01,2.045732614100862463e+02
1.957000000000000028e+01,2.047147386481347269e+02
1.958000000000000185e+01,2.048562675248276435e+02
1.958999999999999986e+01,2.049978477776158741e+02
1.960000000000000142e+01,2.051394791436281650e+02
1.960999999999999943e+01,2.052811613596719269e+02
1.962000000000000099e+01,2.054228941622340017e+02
1.962999999999999901e+01,2.055646772874814303e+02
1.964000000000000057e+01,2.057065104712622201e+02
1.965000000000000213e+01,2.058483934491061120e+02
1.966000000000000014e+01,2.059903259562253197e+02
1.967000000000000171e+01,2.061323077275152400e+02
1.967999999999999972e+01,2.062743384975551919e+02
1.969000000000000128e+01,2.064164180006091556e+02
1.969999999999999929e+01,2.065585459706264544e+02
1.971000000000000085e+01,2.067007221412424371e+02
1.971999999999999886e+01,2.068429462457792170e+02
1.973000000000000043e+01,2.069852180172462681e+02
1.974000000000000199e+01,2.071275371883411935e+02
1.975000000000000000e+01,2.072699034914503216e+02
1.976000000000000156e+01,2.074123166586493596e+02
1.976999999999999957e+01,2.075547764217040765e+02
1.978000000000000114e+01,2.076972825120708706e+02
1.978999999999999915e+01,2.078398346608974805e+02
1.980000000000000071e+01,2.079824325990235252e+02
1.980999999999999872e+01,2.081250760569811575e+02
1.982000000000000028e+01,2.082677647649956327e+02
1.983000000000000185e+01,2.084104984529859337e+02
1.983999999999999986e+01,2.085532768505653110e+02
1.985000000000000142e+01,2.086960996870419081e+02
1.985999999999999943e+01,2.088389666914193015e+02
1.987000000000000099e+01,2.089818775923970122e+02
1.987999999999999901e+01,2.091248321183711596e+02
1.989000000000000057e+01,2.092678299974348874e+02
1.990000000000000213e+01,2.094108709573789895e+02
1.991000000000000014e+01,2.095539547256923640e+02
1.992000000000000171e+01,2.096970810295625540e+02
1.992999999999999972e+01,2.098402495958762870e+02
1.994000000000000128e+01,2.099834601512199299e+02
1.994999999999999929e+01,2.101267124218800291e+02
1.996000000000000085e+01,2.102700061338437081e+02
1.996999999999999886e+01,2.104133410127992647e+02
1.998000000000000043e+01,2.105567167841365119e+02
1.999000000000000199e+01,2.107001331729473463e+02
